Q100,Q102,Q105,Q106,Q105_a,Q113,Q113_A,Q116,Q116_A,Q117,Q118,tHFA_A001,tHFA_A002,HIV,TB,Malaria,ANC,Immu,Quality_Score,HW_Competence_Score,HW_Check,Patient_Centeredness_Score,PC_Check,iss_score,iss_check,fac_iss,fac_stats,fac_group_PS,fac_comms_data,HTM-ANC,hiv testing,ART access,iptp scores,TB screening,system_CHW_score,chw_show,chw_iss,chw_contract,chw_paid,chw_tools,facility_composite,HTM-ANC,presence_score,caseload,ANC_score,DPT_score,TB_treatment_completion,ART_retention,CHW_paid,CHW_scores,CLM_score,guideline_score,guide_HIV,guide_TB,guide_malaria,guide_anc,guide_immu,guide_imci,oxygen_score,oxygen_avl,oxygen_avo,test-capac,test-capac_check,with lab,without lab,vacancy_score,all_funded_posts,all_unfilled_posts
GHA_004637,Abease CHPS,Brong Ahafo,Pru West,PRIMARY,HEALTH CENTRE,,MISSION/FAITH-BASED,,RURAL,BOTH OUT AND INPATIENT,PRIMARY,57000,0,0,100,100,100,78.15277777777777,82.0,"[90.0, 90.0, 70.0, 80.0, 80.0]",74.30555555555556,"[100, 100, 100, 100, 100, 100, 100, 100, 0, 100, 100, 100, 100, 100, 100, 0, 100, 0, 100, 100, 75, 100, 100, 0, 0, 100, 0, 100, 100, 100, 100, 0, 100, 0, 100, 0]",75.0,"[100, 0, 100, 100]",100.0,0.0,100.0,100.0,46.66666666666667,40.0,,100.0,0.0,0.0,"[0.0, 0.0, 0.0]",0.0,0.0,0.0,0.0,69.26461295418642,46.66666666666667,100.0,2.5,100.0,97.1563981042654,,,0.0,"[0, 0, 0]",100.0,100.0,0.0,,100.0,100.0,100.0,,50.0,0.0,100.0,18.51851851851852,"[0, 0, 0, 0, 100, 0, 0, 100, 0, 0, 0, 0, 0, 0, 0, 100, 0, 0, 0, 100, 0, 0, 0, 0, 0, 0, 100]",18.51851851851852,,47.008547008547005,117.0,55.0
GHA_000880,Tetrefu Health Centre,Ashanti,Bosomtwe,PRIMARY,HEALTH CENTRE,,OTHER (SPECIFY),Ghana Health Service,RURAL,OUTPATIENT ONLY,PRIMARY,4527,100,100,100,100,100,56.45454545454545,62.909090909090914,"[60.0, 60.0, 70.0, 70.0, 54.54545454545455]",50.0,"[100, 100, 100, 100, 0, 0, 0, 100, 0, 100, 100, 100, 0, 0, 0, 0, 100, 0]",100.0,"[100, 100, nan, 100]",100.0,100.0,,100.0,61.66666666666667,100.0,100.0,80.0,0.0,0.0,[0.0],0.0,0.0,0.0,0.0,58.99904214559386,61.66666666666667,88.88888888888889,3.75,80.0,60.689655172413794,,,0.0,[0],16.666666666666664,28.571428571428573,0.0,0.0,100.0,0.0,100.0,0.0,,,,0.0,"[0, 0, 0, 0, 0, 0, 0, 0, 0, 0, 0]",,0.0,0.0,22.0,0.0
GHA_002072,Kintampo Municipal Hospital,Brong Ahafo,Kintampo North,PRIMARY,DISTRICT HOSPITAL,,MINISTRY OF HEALTH (GOVERNMENT),,URBAN,BOTH OUT AND INPATIENT,PRIMARY,147143,100,100,100,100,100,59.53030303030303,57.39393939393939,"[100.0, 90.9090909090909, 90.0, 90.0, 90.0, 0.0, 0.0, 0.0, 0.0, 0.0, 100.0, 100.0, 50.0, 100.0, 50.0]",61.666666666666664,"[100, 100, 100, 0, 100, 0, 0, 100, 0, 100, 100, 0, 100, 0, 0, 0, 100, 0, 100, 100, 100, 100, 100, 0, 0, 100, 0, 100, 100, 100, 0, 25, 100, 100, 100, 0, 100, 100, 100, 100, 50, 100, 0, 100, 0]",0.0,"[0, 0, 0, nan]",0.0,0.0,0.0,,75.00000000000001,100.0,50.0,100.0,40.0,,[],,,,,67.5875850340136,75.00000000000001,95.23809523809523,11.25,60.0,31.625000000000004,100.0,100.0,,[],16.666666666666664,100.0,100.0,100.0,100.0,100.0,100.0,100.0,100.0,100.0,100.0,40.74074074074074,"[100, 100, 0, 0, 100, 100, 0, 100, 0, 0, 0, 0, 0, 0, 0, 100, 100, 0, 0, 100, 0, 100, 100, 100, 0, 0, 0]",40.74074074074074,,24.96025437201908,629.0,157.0
GHA_002222,Premuase CHPS,Brong Ahafo,Sene East,PRIMARY,CHPS,,MINISTRY OF HEALTH (GOVERNMENT),,RURAL,OUTPATIENT ONLY,PRIMARY,5004,0,0,100,100,100,77.05555555555556,88.0,"[80.0, 90.0, 90.0, 90.0, 90.0]",66.11111111111111,"[100, 100, 100, 100, 100, 100, 100, 100, 0, 100, 100, 25, 100, 25, 100, 0, 100, 0, 100, 100, 100, 100, 50, 0, 0, 100, 0, 50, 100, 50, 100, 100, 0, 0, 100, 0, 100, 100, 100, 100, 75, 0, 0, 100, 0]",100.0,"[100, 100, 100, 100]",100.0,100.0,100.0,100.0,66.66666666666667,100.0,,100.0,0.0,25.0,"[25.0, 25.0]",100.0,0.0,0.0,0.0,63.352575315840625,66.66666666666667,100.0,1.0,80.0,69.09620991253644,,,0.0,"[0, 0]",16.666666666666664,100.0,0.0,,100.0,100.0,100.0,100.0,,,,9.090909090909092,"[0, 0, 0, 0, 100, 0, 0, 0, 0, 0, 0]",,9.090909090909092,33.33333333333333,9.0,3.0
GHA_002993,Aboso CHPS,Central,Gomoa East,PRIMARY,CHPS,,MINISTRY OF HEALTH (GOVERNMENT),,RURAL,OUTPATIENT ONLY,PRIMARY,15210,100,100,100,100,100,65.85978835978835,58.57142857142857,"[70.0, 60.0, 70.0, 60.0, 50.0, 50.0, 50.0]",73.14814814814815,"[100, 100, 100, 100, 50, 100, 0, 100, 0, 100, 100, 75, 100, 25, 100, 100, 100, 0, 100, 100, 75, 100, 50, 0, 100, 100, 0]",75.0,"[0, 100, 100, 100]",0.0,100.0,100.0,100.0,58.33333333333334,100.0,,75.0,0.0,0.0,"[0.0, 0.0]",0.0,0.0,0.0,0.0,49.385278780585644,58.33333333333334,100.0,10.0,50.0,77.9783393501805,0.0,,0.0,"[0, 0]",16.666666666666664,100.0,100.0,100.0,100.0,100.0,100.0,100.0,,,,18.181818181818183,"[100, 0, 0, 0, 100, 0, 0, 0, 0, 0, 0]",,18.181818181818183,30.0,20.0,6.0
GHA_000129,Ampunyase Health Centre,Ashanti,Adansi South,PRIMARY,HEALTH CENTRE,,OTHER (SPECIFY),Ghana Health Service,RURAL,OUTPATIENT ONLY,PRIMARY,10074,100,100,100,100,100,60.333333333333336,54.0,"[70.0, 30.0, 40.0, 70.0, 60.0]",66.66666666666667,"[100, 50, 100, 100, 0, 100, 100, 100, 0, 100, 100, 50, 100, 0, 100, 100, 100, 0, 100, 100, 100, 100, 0, 0, 0, 100, 0]",25.0,"[0, 0, 0, 100]",0.0,0.0,0.0,100.0,46.66666666666667,80.0,,60.0,0.0,0.0,[0.0],0.0,0.0,0.0,0.0,54.314449917898195,46.66666666666667,87.5,1.4285714285714284,40.0,95.97701149425288,,,0.0,[0],16.666666666666664,71.42857142857143,100.0,0.0,100.0,100.0,100.0,100.0,0.0,0.0,0.0,9.090909090909092,"[0, 0, 0, 0, 100, 0, 0, 0, 0, 0, 0]",,9.090909090909092,0.0,10.0,0.0
GHA_002447,Breme CHPS,Brong Ahafo,Tano South,PRIMARY,CHPS,,LOCAL GOVERNMENT,,RURAL,OUTPATIENT ONLY,PRIMARY,2450,0,0,100,100,100,68.5925925925926,52.0,"[30.0, 60.0, 60.0, 50.0, 60.0]",85.18518518518519,"[100, 100, 100, 100, 100, 100, 100, 100, 0, 100, 100, 100, 100, 100, 0, 100, 100, 0, 100, 100, 100, 100, 100, 100, 100, 100, 0]",100.0,"[100, 100, 100, 100]",100.0,100.0,100.0,100.0,26.666666666666668,0.0,,80.0,0.0,25.0,[25.0],0.0,0.0,0.0,100.0,26.869565217391305,26.666666666666668,50.0,0.0,20.0,37.68115942028986,,,0.0,[0],100.0,75.0,0.0,,100.0,0.0,100.0,100.0,,,,,[nan],,,,999.0,999.0
GHA_007239,Alabonu CHPS,Volta,North Tongu,PRIMARY,CHPS,,MINISTRY OF HEALTH (GOVERNMENT),,RURAL,OUTPATIENT ONLY,PRIMARY,3821,100,0,100,100,100,86.7550505050505,87.3989898989899,"[88.88888888888889, 81.81818181818181, 88.88888888888889, 90.0]",86.11111111111111,"[100, 100, 100, 100, 75, 100, 100, 100, 0]",100.0,"[100, 100, 100, 100]",100.0,100.0,100.0,100.0,54.16666666666667,100.0,0.0,100.0,0.0,0.0,[0.0],0.0,0.0,0.0,0.0,58.10064935064936,54.16666666666667,100.0,6.25,50.0,80.08658008658008,,,0.0,[0],16.666666666666664,80.0,100.0,,100.0,100.0,100.0,0.0,,,,,[nan],,,0.0,5.0,0.0
GHA_000018,Brong Ahafo Regional Hospital,Brong Ahafo,Sunyani Municipal,SECONDARY,TEACHING HOSPITAL,,MINISTRY OF HEALTH (GOVERNMENT),,URBAN,BOTH OUT AND INPATIENT,TERTIARY,9,100,100,100,100,100,69.51010101010101,66.24242424242424,"[63.63636363636363, 70.0, 70.0, 70.0, 70.0, 50.0, 50.0, 50.0, 50.0, 50.0, 100.0, 100.0, 50.0, 100.0, 50.0]",72.77777777777777,"[100, 100, 100, 100, 100, 100, 100, 100, 0, 75, 75, 75, 100, 50, 100, 100, 100, 0, 100, 75, 75, 100, 25, 100, 0, 100, 0, 100, 100, 100, 100, 0, 100, 100, 100, 0, 75, 75, 75, 75, 25, 100, 0, 100, 0]",100.0,"[100, 100, 100, 100]",100.0,100.0,100.0,100.0,63.333333333333336,100.0,0.0,100.0,0.0,85.0,"[100.0, 75.0, 100.0, 100.0, 50.0]",80.0,100.0,100.0,60.0,68.56172359699542,63.333333333333336,99.0521327014218,10.119617224880383,100.0,47.42698191933241,60.0,100.0,100.0,"[100, 100, 100, 100, 100]",83.33333333333334,100.0,100.0,100.0,100.0,100.0,100.0,100.0,100.0,100.0,100.0,74.07407407407408,"[100, 100, 100, 0, 100, 0, 0, 100, 100, 100, 100, 100, 100, 100, 100, 100, 100, 100, 100, 100, 0, 0, 0, 100, 100, 100, 0]",74.07407407407408,,66.57142857142857,3500.0,2330.0
GHA_009175,Nyamebebu CHPS,Central,Assin South,PRIMARY,CHPS,,MINISTRY OF HEALTH (GOVERNMENT),,RURAL,OUTPATIENT ONLY,PRIMARY,1648,0,0,100,0,100,86.11111111111111,,[],86.11111111111111,"[100, 100, 100, 100, 75, 100, 100, 100, 0]",25.0,"[0, 0, 0, 100]",0.0,0.0,0.0,100.0,,,,,,25.0,"[50.0, 0.0]",50.0,0.0,50.0,0.0,68.33333333333333,,100.0,5.0,,100.0,,,50.0,"[100, 0]",16.666666666666664,100.0,0.0,,100.0,,100.0,100.0,,,,9.090909090909092,"[0, 0, 0, 0, 100, 0, 0, 0, 0, 0, 0]",,9.090909090909092,40.0,5.0,2.0
GHA_009706,Mamprobi Hospital,Greater Accra,Accra Metro,PRIMARY,DISTRICT HOSPITAL,,MINISTRY OF HEALTH (GOVERNMENT),,URBAN,BOTH OUT AND INPATIENT,SECONDARY,3546,100,100,100,100,100,81.94444444444444,83.33333333333333,"[60.0, 60.0, 60.0, 60.0, 60.0, 100.0, 100.0, 50.0, 100.0, 100.0, 100.0, 100.0, 100.0, 100.0, 100.0]",80.55555555555556,"[100, 100, 50, 100, 75, 100, 100, 100, 0, 75, 100, 50, 100, 100, 100, 100, 100, 0, 100, 100, 25, 100, 75, 100, 100, 100, 0, 100, 100, 50, 100, 75, 100, 100, 100, 0, 100, 100, 75, 100, 75, 100, 100, 100, 0]",100.0,"[100, 100, 100, 100]",100.0,100.0,100.0,100.0,66.66666666666667,100.0,,100.0,0.0,55.0,"[50.0, 75.0, 50.0, 50.0, 50.0]",100.0,0.0,100.0,20.0,49.450216450216445,66.66666666666667,91.66666666666666,12.818181818181817,0.0,75.0,0.0,100.0,100.0,"[100, 100, 100, 100, 100]",100.0,100.0,100.0,100.0,100.0,100.0,100.0,100.0,50.0,0.0,100.0,81.48148148148148,"[100, 100, 100, 100, 100, 100, 100, 100, 100, 100, 100, 100, 100, 0, 0, 100, 100, 100, 100, 100, 100, 0, 100, 100, 0, 100, 0]",81.48148148148148,,16.666666666666664,72.0,12.0
GHA_002207,Akroka/Yawkra CHPS,Brong Ahafo,Sene East,PRIMARY,CHPS,,MINISTRY OF HEALTH (GOVERNMENT),,RURAL,OUTPATIENT ONLY,PRIMARY,3330,0,0,100,100,100,68.05555555555556,50.0,"[60.0, 10.0, 70.0, 50.0, 60.0]",86.11111111111111,"[100, 100, 100, 100, 100, 100, 100, 100, 0, 100, 100, 100, 100, 50, 100, 100, 100, 0]",100.0,"[100, 100, 100, 100]",100.0,100.0,100.0,100.0,26.666666666666668,80.0,,0.0,0.0,0.0,[0.0],0.0,0.0,0.0,0.0,53.47619047619048,26.666666666666668,100.0,1.25,60.0,79.46428571428572,,,0.0,[0],16.666666666666664,50.0,0.0,,100.0,0.0,0.0,100.0,,,,18.181818181818183,"[0, 0, 0, 0, 100, 0, 0, 0, 100, 0, 0]",,18.181818181818183,50.0,8.0,4.0
GHA_009549,Ahenbronum chps,Eastern,New Juaben North,PRIMARY,CHPS,,LOCAL GOVERNMENT,,RURAL,OUTPATIENT ONLY,PRIMARY,8592,0,0,100,100,100,72.23905723905723,98.18181818181817,"[100.0, 100.0, 100.0, 90.9090909090909, 100.0]",46.2962962962963,"[50, 50, 50, 100, 50, 0, 0, 100, 0, 75, 50, 50, 100, 50, 0, 0, 100, 0, 75, 50, 50, 100, 50, 0, 0, 100, 0]",100.0,"[100, 100, 100, 100]",100.0,100.0,100.0,100.0,95.0,100.0,0.0,100.0,100.0,43.75,"[50.0, 25.0, 25.0, 75.0]",25.0,0.0,100.0,50.0,66.6923076923077,95.0,100.0,0.0,100.0,38.46153846153846,,,100.0,"[100, 100, 100, 100]",100.0,100.0,0.0,,100.0,100.0,100.0,100.0,,,,0.0,"[0, 0, 0, 0, 0, 0, 0, 0, 0, 0, 0]",,0.0,0.0,4.0,0.0
GHA_002953,Winneba Municipal Hospital,Central,Efutu,PRIMARY,DISTRICT HOSPITAL,,MINISTRY OF HEALTH (GOVERNMENT),,URBAN,BOTH OUT AND INPATIENT,SECONDARY,19579,100,100,100,100,100,68.22222222222221,58.666666666666664,"[80.0, 60.0, 80.0, 80.0, 80.0, 50.0, 50.0, 50.0, 50.0, 50.0, 50.0, 50.0, 50.0, 50.0, 50.0]",77.77777777777777,"[100, 100, 100, 100, 100, 100, 100, 100, 0, 100, 100, 100, 75, 100, 100, 100, 100, 0, 100, 100, 100, 100, 25, 100, 100, 100, 0, 100, 100, 100, 100, 100, 100, 100, 100, 0, 100, 25, 25, 25, 25, 100, 100, 0, 0]",100.0,"[100, 100, 100, 100]",100.0,100.0,100.0,100.0,53.333333333333336,80.0,,80.0,0.0,65.0,"[50.0, 75.0, 75.0, 50.0, 75.0]",100.0,0.0,100.0,60.0,54.239700374531836,53.333333333333336,,,20.0,97.86516853932584,0.0,100.0,100.0,"[100, 100, 100, 100, 100]",0.0,100.0,100.0,100.0,100.0,100.0,100.0,100.0,50.0,0.0,100.0,33.333333333333336,"[100, 100, 0, 0, 100, 0, 0, 100, 0, 0, 0, 0, 0, 0, 0, 100, 100, 0, 100, 100, 0, 0, 0, 100, 0, 0, 0]",33.333333333333336,,20.454545454545457,132.0,27.0
GHA_003160,Fobinso CHPS,Central,Upper Denkyira West,PRIMARY,CHPS,,MINISTRY OF HEALTH (GOVERNMENT),,RURAL,OUTPATIENT ONLY,PRIMARY,701,100,0,100,100,100,64.72222222222223,50.0,"[50.0, 50.0, 50.0, 50.0, 50.0]",79.44444444444444,"[0, 100, 50, 100, 100, 100, 100, 100, 0, 100, 100, 50, 100, 75, 100, 100, 100, 0, 100, 100, 50, 100, 100, 100, 100, 100, 0, 100, 100, 50, 100, 75, 100, 100, 100, 0, 100, 100, 50, 100, 75, 100, 100, 100, 0]",75.0,"[0, 100, 100, 100]",0.0,100.0,100.0,100.0,66.66666666666667,100.0,,100.0,0.0,25.0,"[25.0, 25.0, 25.0, 25.0, 25.0]",100.0,0.0,0.0,0.0,48.78260869565217,66.66666666666667,100.0,3.333333333333333,0.0,73.91304347826086,,,0.0,"[0, 0, 0, 0, 0]",100.0,100.0,100.0,,100.0,100.0,100.0,100.0,,,,9.090909090909092,"[0, 0, 0, 0, 100, 0, 0, 0, 0, 0, 0]",,9.090909090909092,0.0,3.0,0.0
GHA_000425,Praaso Health Centre,Ashanti,Asante Akim Central,PRIMARY,HEALTH CENTRE,,OTHER (SPECIFY),Ghana Health Service,RURAL,BOTH OUT AND INPATIENT,PRIMARY,10199,100,100,100,100,100,45.888888888888886,34.0,"[60.0, 70.0, 70.0, 70.0, 70.0, 0.0, 0.0, 0.0, 0.0, 0.0]",57.77777777777778,"[100, 50, 100, 100, 0, 0, 0, 100, 0, 100, 100, 100, 100, 0, 0, 0, 100, 0, 100, 100, 100, 100, 0, 0, 0, 100, 0, 100, 100, 100, 100, 0, 0, 0, 100, 0, 100, 100, 50, 100, 0, 100, 100, 100, 0]",100.0,"[100, 100, 100, 100]",100.0,100.0,100.0,100.0,66.66666666666667,100.0,,100.0,0.0,25.0,[25.0],0.0,0.0,0.0,100.0,78.28453453453453,66.66666666666667,100.0,12.5,100.0,90.54054054054053,,100.0,0.0,[0],16.666666666666664,85.71428571428571,100.0,0.0,100.0,100.0,100.0,100.0,,,,25.925925925925927,"[100, 0, 0, 0, 100, 0, 0, 100, 0, 0, 0, 0, 0, 0, 0, 100, 0, 100, 0, 100, 0, 0, 100, 0, 0, 0, 0]",25.925925925925927,,0.0,11.0,0.0
GHA_004753,Botianor Health Centre,Greater Accra,Ga South,PRIMARY,OTHER (SPECIFY),Polyclinic,OTHER (SPECIFY),Ghana health service,PERIURBAN,BOTH OUT AND INPATIENT,SECONDARY,79164,100,100,100,100,100,85.27777777777777,93.33333333333333,"[100.0, 100.0, 100.0, 100.0, 100.0, 100.0, 100.0, 100.0, 100.0, 100.0, 100.0, 50.0, 50.0, 100.0, 100.0]",77.22222222222223,"[100, 100, 50, 100, 100, 100, 0, 100, 0, 100, 100, 100, 100, 75, 100, 100, 100, 0, 100, 100, 75, 100, 75, 100, 0, 100, 0, 100, 100, 100, 100, 100, 100, 0, 100, 0, 100, 100, 100, 100, 100, 100, 0, 100, 0]",100.0,"[100, 100, 100, 100]",100.0,100.0,100.0,100.0,100.0,100.0,100.0,100.0,100.0,12.5,"[0.0, 25.0]",50.0,0.0,0.0,0.0,82.72705018359854,100.0,,,80.0,93.63525091799265,40.0,100.0,0.0,"[0, 0]",83.33333333333334,100.0,100.0,100.0,100.0,100.0,100.0,100.0,50.0,0.0,100.0,29.62962962962963,"[100, 0, 0, 0, 100, 100, 0, 100, 0, 0, 0, 0, 0, 0, 0, 100, 100, 0, 100, 100, 0, 0, 0, 0, 0, 0, 0]",29.62962962962963,,18.705035971223023,139.0,26.0
GHA_008126,Ayensu CHPS,Western,Wassa Amenfi West,PRIMARY,CHPS,,OTHER (SPECIFY),Community Initiative,RURAL,OUTPATIENT ONLY,PRIMARY,708,0,0,100,0,100,68.33333333333333,,[],68.33333333333333,"[100, 50, 50, 50, 75, 100, 100, 100, 0, 50, 75, 100, 100, 75, 100, 100, 100, 0, 50, 100, 75, 50, 50, 100, 100, 100, 0, 50, 50, 50, 75, 50, 100, 100, 100, 0, 50, 50, 50, 50, 50, 100, 100, 100, 0]",100.0,"[100, 100, 100, nan]",100.0,100.0,100.0,,,,,,,,[],,,,,100.0,,,,,100.0,,,,[],16.666666666666664,100.0,0.0,,100.0,,100.0,100.0,,,,9.090909090909092,"[0, 0, 0, 0, 100, 0, 0, 0, 0, 0, 0]",,9.090909090909092,,999.0,999.0
GHA_005887,Yendi District Hospital,Northern,Yendi,PRIMARY,DISTRICT HOSPITAL,,MINISTRY OF HEALTH (GOVERNMENT),,URBAN,BOTH OUT AND INPATIENT,PRIMARY,156000,100,100,100,100,100,76.27777777777777,95.33333333333333,"[80.0, 90.0, 90.0, 80.0, 90.0, 100.0, 100.0, 100.0, 100.0, 100.0, 100.0, 100.0, 100.0, 100.0, 100.0]",57.22222222222222,"[50, 75, 25, 100, 25, 100, 100, 0, 0, 25, 50, 50, 75, 75, 100, 100, 0, 0, 50, 100, 50, 50, 75, 100, 100, 0, 0, 100, 100, 50, 50, 100, 100, 100, 0, 0, 75, 100, 25, 50, 50, 100, 100, 0, 0]",100.0,"[100, 100, 100, nan]",100.0,100.0,100.0,,60.0,80.0,,100.0,0.0,,[],,,,,82.08695652173913,60.0,,,100.0,50.43478260869565,100.0,100.0,,[],100.0,100.0,100.0,100.0,100.0,100.0,100.0,100.0,100.0,100.0,100.0,51.851851851851855,"[100, 100, 0, 100, 100, 100, 0, 100, 0, 0, 0, 0, 0, 0, 0, 100, 0, 0, 100, 100, 100, 100, 0, 100, 100, 100, 0]",51.851851851851855,,100.0,440.0,440.0
GHA_001003,Ejura Government Hospital,Ashanti,Ejura-Sekyedumase,PRIMARY,OTHER (SPECIFY),Municipal hospital,OTHER (SPECIFY),Ghana health service,URBAN,BOTH OUT AND INPATIENT,SECONDARY,137672,100,100,100,100,100,63.833333333333336,46.0,"[90.0, 80.0, 90.0, 90.0, 90.0, 0.0, 0.0, 0.0, 0.0, 0.0, 50.0, 50.0, 50.0, 50.0, 50.0]",81.66666666666667,"[100, 100, 100, 100, 0, 100, 100, 100, 0, 100, 100, 100, 100, 50, 100, 100, 100, 0, 100, 100, 25, 100, 50, 100, 100, 100, 0, 100, 100, 100, 100, 50, 100, 100, 100, 0, 100, 100, 100, 100, 100, 100, 100, 100, 0]",100.0,"[100, 100, 100, 100]",100.0,100.0,100.0,100.0,66.66666666666667,100.0,,100.0,0.0,15.0,"[0.0, 25.0, 25.0, 0.0, 25.0]",40.0,20.0,0.0,0.0,57.014699199272876,66.66666666666667,91.66666666666666,42.95454545454546,0.0,97.81501560703137,0.0,100.0,0.0,"[0, 0, 0, 0, 0]",100.0,100.0,100.0,100.0,100.0,100.0,100.0,100.0,50.0,0.0,100.0,55.55555555555556,"[100, 100, 0, 100, 100, 100, 0, 100, 0, 0, 0, 100, 100, 0, 0, 100, 100, 100, 100, 100, 0, 0, 0, 100, 100, 0, 0]",55.55555555555556,,10.289389067524116,311.0,32.0
GHA_008220,Wa Municipal Hospital,Upper west,Wa west,PRIMARY,DISTRICT HOSPITAL,,MINISTRY OF HEALTH (GOVERNMENT),,URBAN,BOTH OUT AND INPATIENT,PRIMARY,216314,100,100,100,100,100,56.23863636363637,46.0,"[90.0, 90.0, 90.0, 90.0, 80.0, 0.0, 0.0, 0.0, 0.0, 0.0, 50.0, 50.0, 50.0, 50.0, 50.0]",66.47727272727273,"[75, 100, 75, 0, 50, 0, 100, 100, 0, 100, 50, 50, nan, 25, 100, 100, 100, 0, 100, 100, 50, 100, 0, 100, 100, 100, 0, 100, 100, 75, 75, 25, 100, 100, 100, 0, 50, 75, 50, 75, 25, 100, 100, 100, 0]",100.0,"[100, 100, 100, 100]",100.0,100.0,100.0,100.0,60.0,100.0,0.0,100.0,0.0,25.0,[25.0],100.0,0.0,0.0,0.0,77.82799006887338,60.0,90.2654867256637,6.372549019607843,100.0,88.1578947368421,100.0,100.0,0.0,[0],16.666666666666664,100.0,100.0,100.0,100.0,100.0,100.0,100.0,50.0,0.0,100.0,70.37037037037037,"[100, 100, 0, 100, 100, 100, 0, 100, 100, 100, 100, 100, 100, 0, 0, 100, 100, 0, 100, 100, 100, 100, 0, 100, 100, 0, 0]",70.37037037037037,,0.0,407.0,0.0
GHA_008973,Kofiasua Health Centre,Bono,Dormaa Municipal,PRIMARY,HEALTH CENTRE,,MINISTRY OF HEALTH (GOVERNMENT),,RURAL,OUTPATIENT ONLY,PRIMARY,3010,100,0,100,100,100,92.89682539682539,98.57142857142857,"[90.0, 100.0, 100.0, 100.0, 100.0, 100.0, 100.0]",87.22222222222223,"[100, 100, 100, 100, 100, 100, 100, 100, 0, 100, 100, 100, 100, 100, 100, 100, 100, 0, 100, 100, 100, 100, 100, 100, 100, 100, 0, 100, 100, 100, 100, 75, 100, 100, 100, 0, 100, 100, 100, 100, 50, 100, 100, 100, 0]",75.0,"[0, 100, 100, 100]",0.0,100.0,100.0,100.0,83.33333333333334,100.0,,100.0,50.0,0.0,[0.0],0.0,0.0,0.0,0.0,69.99859708193041,83.33333333333334,61.111111111111114,7.954545454545454,100.0,67.5925925925926,,100.0,0.0,[0],100.0,100.0,100.0,,100.0,100.0,100.0,100.0,,,,18.51851851851852,"[100, 0, 0, 0, 100, 0, 0, 100, 0, 0, 0, 0, 0, 0, 0, 100, 0, 0, 0, 100, 0, 0, 0, 0, 0, 0, 0]",18.51851851851852,,0.0,37.0,0.0
GHA_000044,Mframa CHPS,Brong Ahafo,Sene West,PRIMARY,CHPS,,MINISTRY OF HEALTH (GOVERNMENT),,RURAL,OUTPATIENT ONLY,PRIMARY,4003,0,0,100,100,100,67.33333333333334,68.0,"[70.0, 60.0, 70.0, 70.0, 70.0]",66.66666666666667,"[100, 100, 100, 100, 100, 0, 0, 100, 0, 100, 100, 100, 100, 75, 0, 0, 100, 0, 100, 100, 100, 100, 100, 100, 0, 100, 0, 100, 100, 75, 100, 50, 0, 0, 100, 0, 100, 100, 100, 100, 100, 0, 0, 100, 0]",100.0,"[100, 100, 100, 100]",100.0,100.0,100.0,100.0,60.000000000000014,100.0,,80.0,0.0,0.0,"[0.0, 0.0, 0.0, 0.0]",0.0,0.0,0.0,0.0,68.84978540772532,60.000000000000014,100.0,50.0,60.0,74.2489270386266,,,0.0,"[0, 0, 0, 0]",100.0,100.0,0.0,,100.0,100.0,100.0,100.0,,,,9.090909090909092,"[0, 0, 0, 0, 100, 0, 0, 0, 0, 0, 0]",,9.090909090909092,0.0,10.0,0.0
GHA_006640,Upper West Regional Hospital,Upper West,Wa,SECONDARY,REGIONAL HOSPITAL,,MINISTRY OF HEALTH (GOVERNMENT),,URBAN,BOTH OUT AND INPATIENT,SECONDARY,971775,100,100,100,100,100,80.27777777777777,96.66666666666667,"[90.0, 90.0, 90.0, 90.0, 90.0, 100.0, 100.0, 100.0, 100.0, 100.0, 100.0, 100.0, 100.0, 100.0, 100.0]",63.888888888888886,"[100, 100, 25, 100, 25, 100, 100, 100, 0, 25, 50, 50, 50, 25, 100, 0, 100, 0, 100, 100, 100, 100, 25, 100, 100, 100, 0, 100, 100, 50, 75, 0, 100, 0, 100, 0, 50, 75, 50, 75, 25, 100, 100, 100, 0]",66.66666666666667,"[100, 0, nan, 100]",100.0,0.0,,100.0,66.66666666666667,100.0,,100.0,0.0,50.0,[50.0],100.0,0.0,0.0,100.0,72.0850747787354,66.66666666666667,96.83544303797468,7.973856209150327,80.0,81.03448275862068,100.0,,0.0,[0],66.66666666666666,85.71428571428571,100.0,100.0,100.0,100.0,100.0,0.0,100.0,100.0,100.0,66.66666666666667,"[100, 100, 0, 0, 100, 100, 0, 100, 100, 100, 100, 100, 100, 0, 0, 100, 100, 100, 100, 100, 0, 0, 0, 100, 100, 100, 0]",66.66666666666667,,7.604562737642586,263.0,20.0
GHA_005570,BAKPABA CHPS,Northern,Nanumba North,PRIMARY,CHPS,,MINISTRY OF HEALTH (GOVERNMENT),,RURAL,OUTPATIENT ONLY,PRIMARY,13062,100,0,100,100,100,89.44444444444444,90.0,"[90.0, 90.0, 90.0, 90.0, 90.0]",88.88888888888889,"[100, 100, 100, 100, 100, 100, 100, 100, 0, 100, 100, 100, 100, 100, 100, 100, 100, 0, 100, 100, 100, 100, 100, 100, 100, 100, 0]",100.0,"[100, 100, 100, 100]",100.0,100.0,100.0,100.0,100.0,100.0,,100.0,100.0,25.0,"[25.0, 25.0, 25.0, 25.0, 25.0]",100.0,0.0,0.0,0.0,81.4090909090909,100.0,100.0,7.5,100.0,99.54545454545455,,,0.0,"[0, 0, 0, 0, 0]",83.33333333333334,100.0,100.0,,100.0,100.0,100.0,100.0,,,,0.0,"[0, 0, 0, 0, 0, 0, 0, 0, 0, 0, 0]",,0.0,0.0,6.0,0.0
GHA_003498,Noyem CHPS,Eastern,Birim North,PRIMARY,CHPS,,MINISTRY OF HEALTH (GOVERNMENT),,RURAL,OUTPATIENT ONLY,PRIMARY,2207,100,100,100,100,100,76.15079365079364,67.85714285714286,"[90.0, 90.0, 90.0, 90.0, 90.0, 0.0, 0.0, 0.0, 0.0, 100.0, 100.0, 100.0, 100.0, 100.0]",84.44444444444444,"[100, 100, 100, 100, 25, 100, 100, 100, 0, 100, 100, 100, 100, 100, 100, 100, 100, 0, 100, 100, 100, 100, 25, 100, 100, 100, 0, 100, 100, 100, 100, 75, 100, 100, 100, 0, 100, 100, 100, 100, 75, 100, 100, 100, 0]",100.0,"[100, 100, 100, 100]",100.0,100.0,100.0,100.0,66.66666666666667,100.0,,100.0,0.0,25.0,"[50.0, 0.0]",0.0,50.0,50.0,0.0,47.23997493734335,66.66666666666667,66.66666666666666,3.75,80.0,80.26315789473684,0.0,33.333333333333336,50.0,"[100, 0]",100.0,85.71428571428571,100.0,100.0,100.0,100.0,100.0,100.0,,,,27.272727272727273,"[100, 0, 0, 0, 100, 0, 0, 0, 100, 0, 0]",,27.272727272727273,0.0,6.0,0.0
GHA_002914,Cape Coast Teaching Hospital,Central,Cape Coast,TERTIARY,TEACHING HOSPITAL,,MINISTRY OF HEALTH (GOVERNMENT),,URBAN,BOTH OUT AND INPATIENT,TERTIARY,9,100,100,100,100,100,77.46296296296296,69.92592592592592,"[90.0, 90.0, 90.0, 90.0, 88.88888888888889, 50.0, 50.0, 50.0, 50.0, 50.0, 50.0, 50.0, 100.0, 100.0, 50.0]",85.0,"[100, 100, 100, 100, 50, 100, 100, 100, 0, 100, 100, 100, 100, 50, 100, 100, 100, 0, 100, 100, 75, 100, 50, 100, 100, 100, 0, 100, 100, 100, 100, 100, 100, 100, 100, 0, 100, 100, 100, 100, 100, 100, 100, 100, 0]",100.0,"[100, 100, 100, 100]",100.0,100.0,100.0,100.0,63.333333333333336,100.0,,100.0,0.0,25.0,"[50.0, 25.0, 0.0, 0.0, 50.0]",0.0,20.0,60.0,20.0,60.1958670260557,63.333333333333336,,,100.0,37.64600179694519,0.0,100.0,60.0,"[100, 100, 0, 0, 100]",16.666666666666664,100.0,100.0,100.0,100.0,100.0,100.0,100.0,100.0,100.0,100.0,77.77777777777777,"[100, 100, 0, 0, 100, 100, 0, 100, 100, 100, 100, 100, 100, 0, 100, 100, 100, 100, 100, 100, 100, 0, 0, 100, 100, 100, 100]",77.77777777777777,,9.705882352941178,3400.0,330.0
GHA_006337,Kulkarni CHPS,Upper West,Lambussie-Karni,PRIMARY,CHPS,,MINISTRY OF HEALTH (GOVERNMENT),,RURAL,OUTPATIENT ONLY,PRIMARY,1208,100,100,100,100,100,90.0,90.0,"[90.0, 90.0, 90.0, 90.0, 90.0]",,[],100.0,"[100, 100, 100, 100]",100.0,100.0,100.0,100.0,66.66666666666667,100.0,,100.0,0.0,25.0,[25.0],100.0,0.0,0.0,0.0,68.33333333333334,66.66666666666667,100.0,0.0,100.0,75.0,,,0.0,[0],100.0,83.33333333333333,100.0,100.0,100.0,0.0,100.0,100.0,,,,27.272727272727273,"[100, 0, 0, 0, 100, 100, 0, 0, 0, 0, 0]",,27.272727272727273,0.0,2.0,0.0
GHA_006421,Tom CHPS,Upper West,Nandom,PRIMARY,CHPS,,MINISTRY OF HEALTH (GOVERNMENT),,RURAL,OUTPATIENT ONLY,PRIMARY,3124,100,100,100,100,100,75.02777777777777,82.0,"[80.0, 80.0, 80.0, 80.0, 90.0]",68.05555555555556,"[75, 100, 25, 50, 25, 100, 100, 100, 0, 100, 100, 50, 100, 0, 100, 100, 100, 0]",100.0,"[100, 100, 100, 100]",100.0,100.0,100.0,100.0,66.66666666666667,100.0,,100.0,0.0,25.0,"[25.0, 25.0]",100.0,0.0,0.0,0.0,67.21264367816093,66.66666666666667,100.0,2.5,100.0,66.89655172413794,,,0.0,"[0, 0]",50.0,83.33333333333333,100.0,0.0,100.0,100.0,100.0,100.0,,,,27.272727272727273,"[100, 0, 0, 0, 100, 100, 0, 0, 0, 0, 0]",,27.272727272727273,0.0,2.0,0.0
GHA_006571,Jongfian CHPS,Upper West,Wa East,PRIMARY,CHPS,,OTHER (SPECIFY),Ghana Health Service,RURAL,OUTPATIENT ONLY,PRIMARY,1259,100,100,100,100,100,80.44444444444444,72.0,"[70.0, 70.0, 70.0, 70.0, 80.0]",88.88888888888889,"[100, 100, 100, 100, 100, 100, 100, 100, 0]",75.0,"[0, 100, 100, 100]",0.0,100.0,100.0,100.0,66.66666666666667,100.0,,100.0,0.0,0.0,[0.0],0.0,0.0,0.0,0.0,70.3157894736842,66.66666666666667,100.0,3.333333333333333,100.0,81.57894736842105,,,0.0,[0],16.666666666666664,66.66666666666667,0.0,0.0,100.0,100.0,100.0,100.0,,,,18.181818181818183,"[100, 0, 0, 0, 100, 0, 0, 0, 0, 0, 0]",,18.181818181818183,0.0,3.0,0.0
GHA_001586,Sekyere Health Centre,Ashanti,Sekyere Kumawu,PRIMARY,HEALTH CENTRE,,OTHER (SPECIFY),Ghana Health Service,RURAL,BOTH OUT AND INPATIENT,PRIMARY,4804,100,100,100,100,100,66.33333333333334,66.0,"[80.0, 70.0, 60.0, 70.0, 50.0]",66.66666666666667,"[100, 100, 100, 100, 0, 100, 0, 100, 0]",75.0,"[0, 100, 100, 100]",0.0,100.0,100.0,100.0,60.0,100.0,,80.0,0.0,0.0,[0.0],0.0,0.0,0.0,0.0,66.33333333333333,60.0,60.0,11.666666666666668,100.0,100.0,,,0.0,[0],83.33333333333334,100.0,100.0,100.0,100.0,100.0,100.0,100.0,,,,22.22222222222222,"[100, 0, 0, 0, 100, 100, 0, 100, 0, 0, 0, 0, 0, 0, 0, 100, 0, 0, 0, 100, 0, 0, 0, 0, 0, 0, 0]",22.22222222222222,,0.0,13.0,0.0
GHA_005561,Bimbilla District Hospital,Northern,Nanumba North,PRIMARY,DISTRICT HOSPITAL,,MINISTRY OF HEALTH (GOVERNMENT),,RURAL,BOTH OUT AND INPATIENT,PRIMARY,210721,100,100,100,100,100,80.5,76.0,"[70.0, 80.0, 80.0, 80.0, 80.0, 50.0, 50.0, 50.0, 50.0, 50.0, 100.0, 100.0, 100.0, 100.0, 100.0]",85.0,"[100, 100, 100, 100, 100, 100, 100, 100, 0, 100, 100, 75, 100, 100, 100, 100, 100, 0, 100, 100, 100, 100, 100, 100, 100, 100, 0, 75, 100, 75, 100, 100, 100, 100, 100, 0, 100, 100, 100, 100, 100, 100, 0, 100, 0]",100.0,"[100, 100, 100, nan]",100.0,100.0,100.0,,66.66666666666667,100.0,,100.0,0.0,,[],,,,,63.199101527403414,66.66666666666667,100.0,10.660377358490567,40.0,65.06666666666668,80.0,80.0,,[],16.666666666666664,85.71428571428571,100.0,100.0,100.0,0.0,100.0,100.0,100.0,100.0,100.0,66.66666666666667,"[100, 100, 0, 0, 100, 100, 0, 100, 0, 0, 100, 100, 100, 0, 100, 100, 100, 100, 100, 100, 0, 0, 0, 100, 100, 100, 100]",66.66666666666667,,2.479338842975207,242.0,6.0
GHA_005278,Wakawaka CHPS,Northern,Bole,PRIMARY,CHPS,,MINISTRY OF HEALTH (GOVERNMENT),,RURAL,OUTPATIENT ONLY,PRIMARY,3496,100,0,100,100,100,81.66666666666666,80.0,"[80.0, 80.0, 80.0, 80.0, 80.0]",83.33333333333333,"[100, 100, 100, 100, 50, 100, 100, 100, 0]",0.0,"[0, 0, 0, 0]",0.0,0.0,0.0,0.0,66.66666666666667,100.0,,100.0,0.0,25.0,"[25.0, 25.0, 25.0, 25.0]",100.0,0.0,0.0,0.0,58.00252525252525,66.66666666666667,80.0,3.75,80.0,59.5959595959596,,,0.0,"[0, 0, 0, 0]",16.666666666666664,60.0,0.0,,100.0,0.0,100.0,100.0,,,,0.0,"[0, 0, 0, 0, 0, 0, 0, 0, 0, 0, 0]",,0.0,0.0,5.0,0.0
GHA_004463,Greater Accra Regional Hospital - Ridge,Greater Accra,Accra Metro,SECONDARY,REGIONAL HOSPITAL,,MINISTRY OF HEALTH (GOVERNMENT),,URBAN,BOTH OUT AND INPATIENT,SECONDARY,71276,100,100,100,100,100,75.5,76.0,"[80.0, 80.0, 80.0, 70.0, 80.0, 50.0, 50.0, 50.0, 50.0, 50.0, 100.0, 100.0, 100.0, 100.0, 100.0]",75.0,"[100, 75, 100, 100, 75, 100, 0, 100, 0, 0, 100, 75, 100, 100, 100, 100, 100, 0, 75, 75, 100, 100, 50, 100, 100, 100, 0, 100, 100, 100, 100, 100, 100, 0, 100, 0, 75, 75, 100, 100, 100, 100, 0, 100, 0]",100.0,"[100, 100, 100, nan]",100.0,100.0,100.0,,60.0,100.0,,80.0,0.0,,[],,,,,72.0,60.0,,,100.0,100.0,0.0,100.0,,[],16.666666666666664,85.71428571428571,100.0,100.0,100.0,100.0,100.0,0.0,100.0,100.0,100.0,70.37037037037037,"[100, 0, 0, 0, 100, 100, 0, 100, 100, 100, 100, 100, 100, 100, 100, 100, 100, 100, 100, 100, 0, 100, 0, 100, 0, 100, 0]",70.37037037037037,,0.0,1442.0,0.0
GHA_008221,Ga East Municipal Hospital,Greater Accra,Ga East,PRIMARY,DISTRICT HOSPITAL,,OTHER (SPECIFY),Ghana health service ( Government),URBAN,BOTH OUT AND INPATIENT,SECONDARY,67943,100,100,100,100,100,87.22222222222223,100.0,"[100.0, 100.0, 100.0, 100.0, 100.0, 100.0, 100.0, 100.0, 100.0, 100.0, 100.0, 100.0, 100.0, 100.0, 100.0]",74.44444444444444,"[100, 100, 100, 100, 75, 0, 0, 100, 0, 100, 100, 100, 100, 100, 100, 0, 100, 0, 100, 100, 100, 100, 75, 100, 0, 100, 0, 100, 100, 100, 100, 100, 100, 0, 100, 0, 100, 100, 100, 100, 100, 100, 0, 100, 0]",66.66666666666667,"[100, 100, nan, 0]",100.0,100.0,,0.0,100.0,100.0,,100.0,100.0,58.333333333333336,"[25.0, 75.0, 75.0]",66.66666666666667,66.66666666666667,100.0,0.0,70.34534534534535,100.0,,,100.0,81.38138138138137,0.0,,100.0,"[100, 100, 100]",100.0,100.0,100.0,100.0,100.0,100.0,100.0,100.0,100.0,100.0,100.0,40.74074074074074,"[100, 0, 0, 0, 100, 0, 0, 100, 0, 0, 0, 100, 100, 0, 0, 100, 100, 0, 100, 100, 0, 0, 0, 100, 100, 0, 0]",40.74074074074074,,9.884678747940692,607.0,60.0
GHA_001683,Goaso Municipal Hospital,Brong Ahafo,Asunafo North,PRIMARY,REGIONAL/PROVINCIAL REFERRAL HOSPITAL,,MINISTRY OF HEALTH (GOVERNMENT),,URBAN,BOTH OUT AND INPATIENT,PRIMARY,157000,100,100,100,100,100,80.22222222222223,76.0,"[90.0, 100.0, 90.0, 80.0, 80.0, 0.0, 50.0, 50.0, 50.0, 50.0, 100.0, 100.0, 100.0, 100.0, 100.0]",84.44444444444444,"[100, 100, 100, 100, 100, 100, 0, 100, 0, 100, 100, 100, 100, 100, 100, 100, 100, 0, 100, 100, 100, 100, 100, 100, 0, 100, 0, 100, 100, 100, 100, 100, 100, 100, 100, 0, 100, 100, 100, 100, 100, 100, 100, 100, 0]",100.0,"[100, 100, 100, 100]",100.0,100.0,100.0,100.0,100.0,100.0,,100.0,100.0,35.0,"[50.0, 75.0, 25.0, 0.0, 25.0]",40.0,0.0,40.0,60.0,80.59111329516676,100.0,70.09345794392523,3.883333333333333,100.0,90.16100178890876,100.0,100.0,40.0,"[100, 100, 0, 0, 0]",100.0,100.0,100.0,100.0,100.0,100.0,100.0,100.0,100.0,100.0,100.0,59.25925925925926,"[100, 100, 100, 100, 100, 100, 0, 100, 0, 0, 0, 100, 100, 0, 0, 100, 100, 0, 100, 100, 100, 0, 0, 100, 100, 0, 0]",59.25925925925926,,3.870967741935484,465.0,18.0
GHA_000026,Etsii Fawomanye CHPS,Central,Ajumako-Enyan-Essiam,PRIMARY,CHPS,,MINISTRY OF HEALTH (GOVERNMENT),,RURAL,OUTPATIENT ONLY,PRIMARY,1351,100,0,100,100,100,85.55555555555556,87.77777777777779,"[90.0, 80.0, 88.88888888888889, 90.0, 90.0]",83.33333333333333,"[100, 100, 100, 100, 0, 100, 100, 100, 0, 100, 100, 100, 100, 100, 100, 100, 100, 0, 100, 100, 100, 100, 50, 100, 100, 100, 0, 100, 100, 100, 100, 50, 100, 100, 100, 0]",75.0,"[100, 100, 0, 100]",100.0,100.0,0.0,100.0,56.66666666666667,100.0,0.0,100.0,0.0,50.0,"[50.0, 50.0]",50.0,100.0,50.0,0.0,58.140350877192986,56.66666666666667,75.0,6.666666666666666,80.0,72.36842105263158,,,50.0,"[100, 0]",50.0,100.0,100.0,,100.0,100.0,100.0,100.0,,,,18.181818181818183,"[100, 0, 0, 0, 100, 0, 0, 0, 0, 0, 0]",,18.181818181818183,0.0,4.0,0.0
GHA_003139,Kramokrom CHPS,Central,Upper Denkyira East,PRIMARY,CHPS,,MINISTRY OF HEALTH (GOVERNMENT),,RURAL,OUTPATIENT ONLY,PRIMARY,1577,100,100,100,100,100,71.38888888888889,60.0,"[60.0, 60.0, 60.0, 60.0, 60.0]",82.77777777777777,"[100, 100, 50, 100, 75, 100, 100, 100, 0, 100, 100, 75, 100, 100, 100, 100, 100, 0, 100, 100, 50, 100, 75, 100, 100, 100, 0, 100, 100, 50, 100, 75, 100, 100, 100, 0, 100, 100, 75, 100, 100, 100, 100, 100, 0]",100.0,"[100, 100, 100, 100]",100.0,100.0,100.0,100.0,66.66666666666667,100.0,,100.0,0.0,25.0,"[25.0, 25.0, 25.0, 25.0, 25.0]",100.0,0.0,0.0,0.0,45.83333333333333,66.66666666666667,66.66666666666666,12.5,0.0,83.33333333333334,,,0.0,"[0, 0, 0, 0, 0]",100.0,85.71428571428571,100.0,0.0,100.0,100.0,100.0,100.0,,,,36.36363636363637,"[100, 0, 0, 0, 100, 0, 0, 0, 100, 0, 100]",,36.36363636363637,0.0,3.0,0.0
GHA_002155,Ayerede Health Centre,Brong Ahafo,Nkoranza South,PRIMARY,HEALTH CENTRE,,MINISTRY OF HEALTH (GOVERNMENT),,RURAL,OUTPATIENT ONLY,PRIMARY,6125,100,0,100,100,100,88.61111111111111,91.66666666666667,"[100.0, 100.0, 100.0, 100.0, 100.0, 50.0]",85.55555555555556,"[100, 100, 100, 100, 50, 100, 100, 100, 0, 100, 100, 100, 100, 100, 100, 100, 100, 0, 100, 100, 100, 100, 75, 100, 100, 100, 0, 100, 100, 50, 100, 100, 100, 100, 100, 0, 100, 100, 100, 100, 75, 100, 100, 100, 0]",75.0,"[0, 100, 100, 100]",0.0,100.0,100.0,100.0,100.0,100.0,,100.0,100.0,50.0,[50.0],100.0,0.0,100.0,0.0,83.88767056530214,100.0,100.0,6.25,100.0,97.07602339181287,,100.0,100.0,[100],100.0,100.0,100.0,,100.0,100.0,100.0,100.0,,,,27.272727272727273,"[100, 0, 0, 0, 100, 0, 0, 0, 100, 0, 0]",,27.272727272727273,0.0,22.0,0.0
GHA_009460,Railway CHPS,Eastern,Atiwa East,PRIMARY,CHPS,,LOCAL GOVERNMENT,,RURAL,OUTPATIENT ONLY,PRIMARY,973,0,0,100,0,100,63.888888888888886,,[],63.888888888888886,"[75, 75, 75, 100, 75, 100, 0, 100, 0, 50, 50, 50, 100, 0, 100, 100, 100, 0, 75, 75, 75, 100, 50, 100, 0, 100, 0]",100.0,"[100, 100, 100, 100]",100.0,100.0,100.0,100.0,,,,,,50.0,[50.0],0.0,0.0,100.0,100.0,49.44444444444445,,100.0,15.0,,33.333333333333336,,,100.0,[100],100.0,100.0,0.0,,100.0,,100.0,100.0,,,,0.0,"[0, 0, 0, 0, 0, 0, 0, 0, 0, 0, 0]",,0.0,0.0,2.0,0.0
GHA_002925,Cape Coast Metropolitan Hospital,Central,Cape Coast,PRIMARY,DISTRICT HOSPITAL,,MINISTRY OF HEALTH (GOVERNMENT),,URBAN,BOTH OUT AND INPATIENT,SECONDARY,885555,100,100,100,100,100,70.5,66.0,"[60.0, 70.0, 70.0, 70.0, 70.0, 50.0, 50.0, 50.0, 50.0, 100.0, 100.0, 50.0, 50.0, 100.0, 50.0]",75.0,"[100, 100, 100, 75, 75, 100, 100, 100, 0, 75, 75, 75, 75, 75, 0, 100, 100, 0, 100, 100, 100, 100, 100, 100, 100, 100, 0, 100, 100, 50, 50, 50, 100, 100, 0, 0, 100, 100, 100, 100, 100, 0, 100, 100, 0]",100.0,"[100, 100, 100, 100]",100.0,100.0,100.0,100.0,60.000000000000014,100.0,,80.0,0.0,50.0,"[50.0, 50.0, 50.0, 50.0, 50.0]",100.0,0.0,100.0,0.0,51.43893584369774,60.000000000000014,100.0,3.106060606060606,40.0,56.96649029982363,0.0,100.0,100.0,"[100, 100, 100, 100, 100]",16.666666666666664,85.71428571428571,100.0,0.0,100.0,100.0,100.0,100.0,50.0,0.0,100.0,29.62962962962963,"[100, 100, 0, 0, 100, 0, 0, 100, 0, 0, 0, 0, 0, 0, 0, 0, 100, 0, 100, 100, 0, 0, 0, 100, 0, 0, 0]",29.62962962962963,,14.785992217898833,257.0,38.0
GHA_006820,Ho Municipal Hospital,Volta,Ho,PRIMARY,REGIONAL HOSPITAL,,MINISTRY OF HEALTH (GOVERNMENT),,URBAN,BOTH OUT AND INPATIENT,PRIMARY,103811,100,100,100,100,100,85.55555555555556,96.66666666666667,"[90.0, 90.0, 90.0, 90.0, 90.0, 100.0, 100.0, 100.0, 100.0, 100.0, 100.0, 100.0, 100.0, 100.0, 100.0]",74.44444444444444,"[100, 100, 100, 25, 25, 100, 100, 100, 0, 75, 75, 75, 100, 100, 100, 100, 0, 0, 100, 100, 100, 100, 100, 100, 0, 100, 0, 100, 100, 100, 100, 100, 100, 100, 100, 0, 100, 75, 50, 50, 100, 100, 100, 0, 0]",100.0,"[100, 100, 100, nan]",100.0,100.0,100.0,,66.66666666666667,100.0,,100.0,0.0,,[],,,,,58.20780286207748,66.66666666666667,100.0,3.2750000000000004,100.0,37.512953367875646,0.0,100.0,,[],100.0,100.0,100.0,100.0,100.0,100.0,100.0,100.0,100.0,100.0,100.0,70.37037037037037,"[100, 100, 0, 100, 100, 100, 0, 100, 0, 0, 0, 100, 100, 0, 100, 100, 100, 100, 100, 100, 100, 0, 100, 100, 100, 0, 100]",70.37037037037037,,0.0,454.0,0.0
GHA_005764,Lahagu CHPS,Northern,Tamale,PRIMARY,CHPS,,MINISTRY OF HEALTH (GOVERNMENT),,RURAL,OUTPATIENT ONLY,PRIMARY,2047,0,0,100,100,100,63.333333333333336,60.0,"[70.0, 70.0, 70.0, 60.0, 30.0]",66.66666666666667,"[100, 100, 100, 100, 100, 0, 0, 100, 0]",0.0,"[0, 0, 0, 0]",0.0,0.0,0.0,0.0,46.66666666666667,80.0,,60.0,0.0,0.0,[0.0],0.0,0.0,0.0,0.0,46.425702811244975,46.66666666666667,66.66666666666666,10.0,60.0,48.795180722891565,,,0.0,[0],16.666666666666664,100.0,0.0,,100.0,100.0,100.0,100.0,,,,9.090909090909092,"[0, 0, 0, 0, 100, 0, 0, 0, 0, 0, 0]",,9.090909090909092,60.0,10.0,6.0
GHA_000055,Tamale Central Hospital,Northern,Tamale,SECONDARY,REGIONAL HOSPITAL,,MINISTRY OF HEALTH (GOVERNMENT),,URBAN,BOTH OUT AND INPATIENT,SECONDARY,385612,100,100,100,100,100,47.25252525252525,56.72727272727273,"[80.0, 90.0, 90.0, 90.9090909090909, 100.0, 100.0, 0.0, 0.0, 0.0, 0.0, 50.0, 100.0, 50.0, 50.0, 50.0]",37.77777777777778,"[50, 0, 50, 0, 0, 100, 100, 0, 0, 0, 50, 0, 0, 0, 100, 100, 100, 0, 0, 0, 0, 0, 0, 100, 100, 0, 0, 0, 0, 0, 0, 0, 100, 100, 0, 0, 50, 75, 50, 75, 100, 100, 100, 100, 0]",100.0,"[100, 100, 100, 100]",100.0,100.0,100.0,100.0,75.0,100.0,50.0,100.0,40.0,80.0,"[50.0, 75.0, 75.0, 100.0, 100.0]",100.0,40.0,100.0,80.0,93.14663951120163,75.0,,,100.0,90.73319755600815,100.0,100.0,100.0,"[100, 100, 100, 100, 100]",100.0,100.0,100.0,100.0,100.0,100.0,100.0,100.0,100.0,100.0,100.0,44.44444444444444,"[100, 100, 0, 0, 100, 100, 0, 100, 0, 0, 0, 0, 0, 0, 0, 100, 100, 0, 100, 100, 0, 0, 0, 100, 100, 100, 0]",44.44444444444444,,0.0,529.0,0.0
GHA_002733,Akotogua CHPS,Central,Ajumako-Enyan-Essiam,PRIMARY,CHPS,,MINISTRY OF HEALTH (GOVERNMENT),,RURAL,OUTPATIENT ONLY,PRIMARY,1061,0,0,100,0,100,85.18518518518519,,[],85.18518518518519,"[100, 100, 100, 100, 100, 100, 100, 100, 0, 100, 100, 100, 100, 25, 100, 100, 100, 0, 100, 100, 100, 100, 75, 100, 100, 100, 0]",50.0,"[0, 100, 0, 100]",0.0,100.0,0.0,100.0,,,,,,50.0,[50.0],0.0,100.0,100.0,0.0,70.83333333333333,,100.0,2.5,,110.00000000000001,,,100.0,[100],16.666666666666664,100.0,0.0,,100.0,,100.0,100.0,,,,9.090909090909092,"[0, 0, 0, 0, 100, 0, 0, 0, 0, 0, 0]",,9.090909090909092,25.0,4.0,1.0
GHA_005761,Tamale West Hospital,Northern,Tamale,PRIMARY,DISTRICT HOSPITAL,,MINISTRY OF HEALTH (GOVERNMENT),,URBAN,BOTH OUT AND INPATIENT,PRIMARY,800000,100,100,100,100,100,65.26767676767676,61.09090909090909,"[63.63636363636363, 70.0, 90.0, 72.72727272727273, 70.0, 0.0, 50.0, 0.0, 0.0, 0.0, 100.0, 100.0, 100.0, 100.0, 100.0]",69.44444444444444,"[100, 50, 75, 100, 100, 100, 0, 100, 0, 100, 100, 50, 100, 100, 100, 0, 100, 0, 0, 100, 75, 100, 100, 100, 100, 100, 0, 50, 100, 100, 100, 100, 100, 0, 100, 0, 0, 100, 25, 100, 0, 100, 100, 100, 0]",100.0,"[100, 100, 100, 100]",100.0,100.0,100.0,100.0,46.66666666666667,100.0,0.0,60.0,0.0,95.0,"[75.0, 100.0, 100.0, 100.0, 100.0]",100.0,80.0,100.0,100.0,83.39526411657559,46.66666666666667,,,100.0,70.30965391621129,100.0,100.0,100.0,"[100, 100, 100, 100, 100]",100.0,100.0,100.0,100.0,100.0,100.0,100.0,100.0,100.0,100.0,100.0,33.333333333333336,"[100, 100, 0, 0, 100, 100, 0, 100, 0, 0, 0, 0, 0, 0, 0, 100, 0, 0, 100, 100, 0, 0, 0, 100, 0, 0, 0]",33.333333333333336,,0.0,548.0,0.0
GHA_003999,Suhum District Hospital,Eastern,Suhum,PRIMARY,DISTRICT HOSPITAL,,MINISTRY OF HEALTH (GOVERNMENT),,URBAN,BOTH OUT AND INPATIENT,SECONDARY,130290,100,100,100,100,100,89.05555555555554,95.33333333333333,"[80.0, 80.0, 90.0, 90.0, 90.0, 100.0, 100.0, 100.0, 100.0, 100.0, 100.0, 100.0, 100.0, 100.0, 100.0]",82.77777777777777,"[100, 100, 50, 100, 100, 100, 100, 100, 0, 100, 100, 50, 100, 100, 100, 100, 100, 0, 100, 100, 50, 100, 75, 100, 100, 100, 0, 100, 100, 75, 100, 75, 100, 100, 100, 0, 100, 100, 75, 100, 75, 100, 100, 100, 0]",100.0,"[100, 100, 100, 100]",100.0,100.0,100.0,100.0,66.66666666666667,100.0,,100.0,0.0,25.0,"[25.0, 25.0, 25.0]",100.0,0.0,0.0,0.0,45.72520561199807,66.66666666666667,,,0.0,101.95936139332366,0.0,60.0,0.0,"[0, 0, 0]",100.0,100.0,100.0,100.0,100.0,100.0,100.0,100.0,50.0,0.0,100.0,62.96296296296296,"[100, 100, 100, 0, 100, 100, 0, 100, 100, 100, 100, 100, 100, 0, 0, 100, 100, 0, 100, 100, 0, 0, 0, 100, 100, 0, 0]",62.96296296296296,,2.73972602739726,511.0,14.0
GHA_005847,Walewale District Hospital,Northern,West Mamprusi,PRIMARY,DISTRICT HOSPITAL,,MINISTRY OF HEALTH (GOVERNMENT),,URBAN,BOTH OUT AND INPATIENT,PRIMARY,193985,100,100,100,100,100,70.86700336700336,72.28956228956228,"[72.72727272727273, 88.88888888888889, 90.9090909090909, 90.9090909090909, 90.9090909090909, 0.0, 50.0, 0.0, 50.0, 50.0, 100.0, 100.0, 100.0, 100.0, 100.0]",69.44444444444444,"[0, 100, 100, 100, 100, 100, 100, 100, 0, 0, 0, 75, 100, 100, 100, 0, 100, 0, 100, 100, 100, 100, 100, 100, 100, 100, 0, 0, 0, 75, 100, 100, 100, 100, 100, 0, 0, 0, 75, 100, 100, 100, 100, 100, 0]",100.0,"[100, 100, 100, 100]",100.0,100.0,100.0,100.0,70.0,100.0,100.0,100.0,0.0,40.0,"[50.0, 25.0, 50.0, 50.0, 25.0]",100.0,0.0,0.0,60.0,86.45634458672876,70.0,,,100.0,62.28172293364378,100.0,100.0,0.0,"[0, 0, 0, 0, 0]",100.0,100.0,100.0,100.0,100.0,100.0,100.0,100.0,100.0,100.0,100.0,40.74074074074074,"[100, 100, 0, 0, 100, 100, 0, 100, 0, 0, 0, 0, 0, 0, 0, 100, 100, 0, 0, 100, 0, 0, 0, 100, 100, 100, 0]",40.74074074074074,,1.9851116625310175,403.0,8.0
GHA_006365,Dikpe CHPS,Upper West,Lawra,PRIMARY,CHPS,,OTHER (SPECIFY),Ghana Health Service,RURAL,OUTPATIENT ONLY,PRIMARY,2773,100,100,100,100,100,74.16666666666666,65.0,"[60.0, 70.0]",83.33333333333333,"[100, 100, 100, 100, 50, 100, 100, 100, 0]",25.0,"[0, 0, 100, 0]",0.0,0.0,100.0,0.0,66.66666666666667,100.0,,100.0,0.0,12.5,"[0.0, 50.0, 0.0, 0.0]",25.0,0.0,0.0,25.0,62.656862745098046,66.66666666666667,100.0,2.5,50.0,94.11764705882352,,,0.0,"[0, 0, 0, 0]",16.666666666666664,83.33333333333333,100.0,0.0,100.0,100.0,100.0,100.0,,,,9.090909090909092,"[0, 0, 0, 0, 100, 0, 0, 0, 0, 0, 0]",,9.090909090909092,0.0,4.0,0.0
GHA_007708,Dibolaase CHPS,Western,Nzema East,PRIMARY,CHPS,,OTHER (SPECIFY),Community Innitiave,RURAL,OUTPATIENT ONLY,PRIMARY,3296,100,100,100,0,100,91.66666666666666,100.0,"[100.0, 100.0, 100.0, 100.0, 100.0]",83.33333333333333,"[100, 100, 75, 100, 100, 100, 100, 100, 0, 100, 100, 75, 100, 100, 100, 100, 100, 0, 100, 100, 75, 100, 75, 100, 100, 100, 0, 100, 100, 75, 75, 75, 100, 100, 100, 0, 75, 100, 75, 100, 75, 100, 100, 100, 0]",100.0,"[100, 100, 100, 100]",100.0,100.0,100.0,100.0,,,,,,25.0,"[25.0, 25.0, 25.0]",100.0,0.0,0.0,0.0,62.78846153846154,,100.0,5.0,,146.15384615384616,0.0,,0.0,"[0, 0, 0]",100.0,100.0,100.0,100.0,100.0,,100.0,100.0,,,,18.181818181818183,"[100, 0, 0, 0, 100, 0, 0, 0, 0, 0, 0]",,18.181818181818183,0.0,6.0,0.0
GHA_001934,Atesikrom CHPS,Brong Ahafo,Dormaa Municipal,PRIMARY,CHPS,,LOCAL GOVERNMENT,,PERIURBAN,BOTH OUT AND INPATIENT,PRIMARY,4382,0,0,100,100,100,65.12962962962963,57.11111111111111,"[60.0, 60.0, 60.0, 50.0, 55.55555555555556]",73.14814814814815,"[100, 100, 100, 100, 25, 0, 0, 100, 0, 100, 100, 50, 100, 100, 0, 100, 100, 0, 100, 100, 100, 100, 100, 100, 100, 100, 0]",25.0,"[0, 0, 0, 100]",0.0,0.0,0.0,100.0,56.66666666666667,75.0,,100.0,0.0,0.0,[0.0],0.0,0.0,0.0,0.0,64.02380952380952,56.66666666666667,66.66666666666666,22.5,60.0,114.28571428571428,,,0.0,[0],100.0,75.0,0.0,,100.0,100.0,100.0,0.0,,,,,[nan],,,0.0,11.0,0.0
GHA_003092,Mokwa Health Centre,Central,Twifo-Ati-Mokwa,PRIMARY,HEALTH CENTRE,,MINISTRY OF HEALTH (GOVERNMENT),,RURAL,OUTPATIENT ONLY,PRIMARY,4812,100,100,100,100,100,64.85185185185185,42.666666666666664,"[60.0, 70.0, 70.0, 70.0, 70.0, 0.0, 0.0, 0.0, 0.0, 50.0, 50.0, 50.0, 50.0, 50.0, 50.0]",87.03703703703704,"[100, 100, 100, 100, 100, 100, 100, 100, 0, 100, 100, 75, 100, 75, 100, 100, 100, 0, 100, 100, 100, 100, 100, 100, 100, 100, 0]",100.0,"[100, 100, 100, 100]",100.0,100.0,100.0,100.0,60.000000000000014,100.0,,80.0,0.0,25.0,[25.0],100.0,0.0,0.0,0.0,86.31831255992331,60.000000000000014,100.0,30.0,100.0,134.2281879194631,80.0,100.0,0.0,[0],16.666666666666664,100.0,100.0,100.0,100.0,100.0,100.0,100.0,50.0,0.0,100.0,18.51851851851852,"[100, 0, 0, 0, 100, 0, 0, 100, 0, 0, 0, 0, 0, 0, 0, 100, 0, 0, 0, 100, 0, 0, 0, 0, 0, 0, 0]",18.51851851851852,,29.411764705882355,34.0,10.0
GHA_004111,Asamankese Government Hospital,Eastern,West Akim,PRIMARY,DISTRICT HOSPITAL,,LOCAL GOVERNMENT,,RURAL,BOTH OUT AND INPATIENT,PRIMARY,123509,100,100,100,100,100,71.94444444444444,83.33333333333333,"[100.0, 100.0, 100.0, 100.0, 100.0, 50.0, 50.0, 50.0, 50.0, 50.0, 100.0, 100.0, 100.0, 100.0, 100.0]",60.55555555555556,"[75, 100, 50, 100, 50, 0, 0, 100, 0, 100, 100, 50, 100, 50, 0, 0, 100, 0, 100, 75, 50, 100, 100, 100, 100, 100, 0, 75, 75, 50, 100, 75, 100, 0, 100, 0, 75, 75, 50, 100, 50, 0, 0, 100, 0]",100.0,"[100, 100, 100, 100]",100.0,100.0,100.0,100.0,100.0,100.0,,100.0,100.0,75.0,"[75.0, 75.0, 75.0, 75.0, 75.0]",100.0,0.0,100.0,100.0,77.91322391801849,100.0,93.10344827586206,35.370370370370374,100.0,79.00552486187846,60.0,,100.0,"[100, 100, 100, 100, 100]",100.0,100.0,100.0,100.0,100.0,100.0,100.0,100.0,100.0,100.0,100.0,51.851851851851855,"[100, 100, 0, 0, 100, 100, 0, 100, 0, 0, 0, 100, 100, 0, 0, 100, 100, 0, 0, 100, 0, 0, 0, 100, 100, 100, 100]",51.851851851851855,,0.0,82.0,0.0
GHA_000764,Twedie CHPS,Ashanti,Atwima-Kwanwoma,PRIMARY,CHPS,,MINISTRY OF HEALTH (GOVERNMENT),,RURAL,OUTPATIENT ONLY,PRIMARY,9798,0,0,100,100,100,66.0,66.0,"[70.0, 60.0, 70.0, 60.0, 70.0]",,[],100.0,"[100, 100, 100, 100]",100.0,100.0,100.0,100.0,53.333333333333336,100.0,,60.0,0.0,41.666666666666664,"[50.0, 50.0, 25.0]",0.0,66.66666666666667,100.0,0.0,69.0,53.333333333333336,100.0,3.333333333333333,80.0,108.33333333333333,,,100.0,"[100, 100, 100]",16.666666666666664,100.0,0.0,,100.0,100.0,100.0,100.0,,,,9.090909090909092,"[0, 0, 0, 0, 100, 0, 0, 0, 0, 0, 0]",,9.090909090909092,45.45454545454545,11.0,5.0
GHA_008801,Frante Zongo CHPS,Ashanti,Ejura-Sekyedumase,PRIMARY,CHPS,,MINISTRY OF HEALTH (GOVERNMENT),,RURAL,OUTPATIENT ONLY,PRIMARY,5627,0,0,100,0,100,81.94444444444444,,[],81.94444444444444,"[100, 100, 100, 100, 50, 100, 100, 100, 0, 100, 100, 100, 100, 25, 100, 100, 100, 0]",25.0,"[100, 0, 0, 0]",100.0,0.0,0.0,0.0,,,,,,25.0,"[0.0, 50.0]",0.0,50.0,50.0,0.0,51.666666666666664,,100.0,3.333333333333333,,,,,50.0,"[0, 100]",0.0,33.333333333333336,0.0,,100.0,,0.0,0.0,,,,,[nan],,,0.0,3.0,0.0
GHA_005698,Savelugu District Hospital,Northern,Savelugu-Nanton,PRIMARY,DISTRICT HOSPITAL,,MINISTRY OF HEALTH (GOVERNMENT),,URBAN,BOTH OUT AND INPATIENT,PRIMARY,125469,100,100,100,100,100,51.94444444444444,43.333333333333336,"[70.0, 70.0, 70.0, 70.0, 70.0, 50.0, 0.0, 0.0, 0.0, 0.0, 50.0, 50.0, 50.0, 50.0, 50.0]",60.55555555555556,"[100, 100, 75, 100, 0, 0, 0, 100, 0, 100, 75, 100, 100, 75, 0, 0, 100, 0, 100, 100, 100, 100, 100, 100, 0, 100, 0, 100, 100, 50, 100, 0, 0, 0, 100, 0, 100, 100, 100, 75, 75, 0, 0, 100, 0]",0.0,"[0, 0, 0, 0]",0.0,0.0,0.0,0.0,66.66666666666667,100.0,,100.0,0.0,81.25,"[50.0, 100.0, 100.0, 75.0]",75.0,100.0,100.0,50.0,78.59158466078247,66.66666666666667,93.54838709677419,45.86206896551724,100.0,64.06396989651928,100.0,80.0,100.0,"[100, 100, 100, 100]",100.0,85.71428571428571,100.0,0.0,100.0,100.0,100.0,100.0,50.0,0.0,100.0,59.25925925925926,"[100, 0, 0, 0, 100, 100, 0, 100, 0, 0, 0, 100, 100, 0, 100, 100, 100, 100, 100, 100, 100, 100, 0, 100, 0, 0, 100]",59.25925925925926,,2.8625954198473282,524.0,15.0
GHA_005190,Tema General Hospital,Greater Accra,Tema,PRIMARY,DISTRICT HOSPITAL,,MINISTRY OF HEALTH (GOVERNMENT),,URBAN,BOTH OUT AND INPATIENT,PRIMARY,194646,100,100,100,100,100,57.888888888888886,38.0,"[80.0, 80.0, 100.0, 50.0, 60.0, 0.0, 0.0, 0.0, 0.0, 0.0, 0.0, 50.0, 50.0, 50.0, 50.0]",77.77777777777777,"[100, 100, 100, 100, 50, 100, 0, 100, 0, 100, 100, 100, 100, 50, 100, 100, 100, 0, 100, 100, 75, 75, 50, 100, 0, 100, 0, 100, 100, 100, 100, 100, 100, 0, 100, 0, 100, 100, 100, 100, 100, 100, 100, 100, 0]",100.0,"[100, 100, 100, 100]",100.0,100.0,100.0,100.0,40.00000000000001,40.0,,20.0,60.0,25.0,[25.0],100.0,0.0,0.0,0.0,69.26020408163265,40.00000000000001,100.0,64.82142857142857,80.0,100.0,0.0,100.0,0.0,[0],16.666666666666664,100.0,100.0,100.0,100.0,100.0,100.0,100.0,100.0,100.0,100.0,70.37037037037037,"[100, 100, 0, 100, 100, 100, 0, 100, 100, 100, 100, 100, 100, 0, 0, 100, 100, 100, 100, 100, 0, 0, 0, 100, 100, 100, 0]",70.37037037037037,,3.32512315270936,812.0,27.0
GHA_006868,Ho Teaching Hospital,Volta,Ho,TERTIARY,REGIONAL/PROVINCIAL REFERRAL HOSPITAL,,MINISTRY OF HEALTH (GOVERNMENT),,URBAN,BOTH OUT AND INPATIENT,TERTIARY,9,100,100,100,100,100,73.27777777777777,76.0,"[70.0, 70.0, 60.0, 70.0, 70.0, 100.0, 100.0, 100.0, 100.0, 100.0, 50.0, 50.0, 50.0, 50.0, 100.0]",70.55555555555556,"[100, 100, 50, 100, 50, 100, 100, 0, 0, 100, 100, 0, 100, 0, 0, 100, 100, 0, 100, 100, 100, 100, 50, 100, 100, 100, 0, 100, 100, 100, 100, 0, 100, 100, 100, 0, 100, 100, 75, 100, 50, 100, 0, 100, 0]",33.333333333333336,"[100, 0, 0, nan]",100.0,0.0,0.0,,66.66666666666667,100.0,100.0,100.0,0.0,,[],,,,,64.53725048973662,66.66666666666667,95.86349534643226,4.0291262135922326,100.0,65.2014652014652,40.0,80.0,,[],16.666666666666664,85.71428571428571,100.0,100.0,100.0,100.0,100.0,0.0,100.0,100.0,100.0,92.5925925925926,"[100, 100, 0, 100, 100, 100, 0, 100, 100, 100, 100, 100, 100, 100, 100, 100, 100, 100, 100, 100, 100, 100, 100, 100, 100, 100, 100]",92.5925925925926,,,1527.0,999.0
GHA_010960,Chaangu CHPS,Upper West,Nadowli-Kaleo,PRIMARY,CHPS,,MINISTRY OF HEALTH (GOVERNMENT),,RURAL,OUTPATIENT ONLY,PRIMARY,862,100,100,100,100,100,82.72222222222223,96.0,"[90.0, 100.0, 100.0, 100.0, 90.0]",69.44444444444444,"[75, 100, 25, 100, 25, 100, 100, 100, 0]",100.0,"[100, 100, 100, 100]",100.0,100.0,100.0,100.0,86.66666666666667,100.0,,100.0,60.0,25.0,"[25.0, 25.0, 25.0, 25.0]",100.0,0.0,0.0,0.0,86.33333333333334,86.66666666666667,100.0,5.0,100.0,140.0,,,0.0,"[0, 0, 0, 0]",100.0,83.33333333333333,100.0,100.0,100.0,100.0,100.0,0.0,,,,27.272727272727273,"[100, 0, 0, 0, 100, 100, 0, 0, 0, 0, 0]",,27.272727272727273,0.0,2.0,0.0
GHA_003808,Market Square Medical Centre,Eastern,Kwahu West,PRIMARY,HEALTH CENTRE,,LOCAL GOVERNMENT,,RURAL,BOTH OUT AND INPATIENT,PRIMARY,11243,100,0,100,100,100,78.05555555555556,100.0,"[100.0, 100.0, 100.0, 100.0, 100.0]",56.111111111111114,"[75, 75, 50, 100, 0, 100, 0, 100, 0, 50, 50, 50, 100, 50, 100, 100, 100, 0, 75, 75, 50, 100, 50, 100, 0, 100, 0, 50, 75, 50, 100, 50, 0, 0, 100, 0, 50, 75, 50, 100, 75, 0, 0, 100, 0]",100.0,"[100, 100, 100, 100]",100.0,100.0,100.0,100.0,100.0,100.0,,100.0,100.0,75.0,"[75.0, 75.0]",100.0,0.0,100.0,100.0,84.5,100.0,100.0,22.5,100.0,100.0,,,100.0,"[100, 100]",100.0,100.0,100.0,,100.0,100.0,100.0,100.0,,,,27.272727272727273,"[100, 0, 0, 0, 100, 0, 0, 0, 100, 0, 0]",,27.272727272727273,8.333333333333332,12.0,1.0
GHA_006450,Bawiesibelle Town CHPS,Upper West,Sissala East,PRIMARY,CHPS,,MINISTRY OF HEALTH (GOVERNMENT),,RURAL,OUTPATIENT ONLY,PRIMARY,2048,100,100,100,100,100,86.19444444444444,96.0,"[90.0, 90.0, 100.0, 100.0, 100.0]",76.38888888888889,"[100, 75, 100, 75, 75, 100, 100, 100, 0, 100, 100, 50, 75, 25, 100, 100, 100, 0]",100.0,"[100, 100, 100, 100]",100.0,100.0,100.0,100.0,86.66666666666667,100.0,,100.0,60.0,0.0,[0.0],0.0,0.0,0.0,0.0,75.04954954954955,86.66666666666667,100.0,7.5,100.0,81.08108108108108,,,0.0,[0],100.0,100.0,100.0,100.0,100.0,100.0,100.0,100.0,100.0,100.0,100.0,27.272727272727273,"[100, 0, 0, 0, 100, 100, 0, 0, 0, 0, 0]",,27.272727272727273,0.0,2.0,0.0
GHA_006287,Wogu CHPS,Upper West,Daffiama-Bussie-Issa,PRIMARY,CHPS,,OTHER (SPECIFY),Ghana Health Service,RURAL,OUTPATIENT ONLY,PRIMARY,2401,100,100,100,100,100,62.77777777777778,70.0,"[70.0, 70.0]",55.55555555555556,"[100, 100, 100, 100, 0, 0, 0, 100, 0, 100, 100, 100, 100, 0, 0, 0, 100, 0]",0.0,"[0, 0, 0, 0]",0.0,0.0,0.0,0.0,66.66666666666667,100.0,,100.0,0.0,0.0,"[0.0, 0.0]",0.0,0.0,0.0,0.0,75.1236559139785,66.66666666666667,100.0,2.5,100.0,106.4516129032258,,,0.0,"[0, 0]",16.666666666666664,83.33333333333333,100.0,0.0,100.0,100.0,100.0,100.0,,,,9.090909090909092,"[0, 0, 0, 0, 100, 0, 0, 0, 0, 0, 0]",,9.090909090909092,0.0,4.0,0.0
GHA_010672,Kuloko CHPS,Upper East,Binduri,PRIMARY,CHPS,,MINISTRY OF HEALTH (GOVERNMENT),,RURAL,OUTPATIENT ONLY,PRIMARY,3130,0,0,100,0,100,47.794117647058826,,[],47.794117647058826,"[50, 100, 25, nan, 0, 100, 0, 100, 0, 50, 100, 25, nan, 25, 100, 0, 100, 0, 100, 75, 75, 100, 0, 100, 0, 100, 0, 50, 75, 25, 25, 25, 0, 0, 100, 0]",100.0,"[100, 100, 100, nan]",100.0,100.0,100.0,,,,,,,,[],,,,,73.44086021505376,,100.0,30.0,,90.32258064516128,,,,[],16.666666666666664,66.66666666666667,0.0,,100.0,,100.0,0.0,,,,,[nan],,,25.0,4.0,1.0
GHA_003338,Adjena Health Centre,Eastern,Asuogyaman,PRIMARY,HEALTH CENTRE,,LOCAL GOVERNMENT,,RURAL,BOTH OUT AND INPATIENT,PRIMARY,3324,100,100,100,100,100,81.94444444444444,100.0,"[100.0, 100.0, 100.0, 100.0, 100.0, 100.0, 100.0, 100.0, 100.0, 100.0, 100.0, 100.0, 100.0]",63.888888888888886,"[50, 50, 50, 100, 100, 0, 0, 100, 0, 100, 100, 100, 100, 100, 0, 0, 100, 0, 100, 100, 100, 100, 50, 100, 0, 100, 0, 100, 100, 50, 100, 50, 0, 0, 100, 0, 75, 100, 50, 100, 50, 100, 100, 100, 0]",100.0,"[100, 100, 100, 100]",100.0,100.0,100.0,100.0,100.0,100.0,,100.0,100.0,58.333333333333336,"[50.0, 75.0, 50.0]",33.333333333333336,0.0,100.0,100.0,71.51620370370371,100.0,88.88888888888889,6.875,100.0,83.33333333333334,50.0,,100.0,"[100, 100, 100]",100.0,100.0,100.0,100.0,100.0,100.0,100.0,100.0,,,,29.62962962962963,"[100, 100, 0, 0, 100, 0, 0, 100, 0, 0, 0, 0, 0, 0, 0, 100, 0, 0, 0, 100, 0, 0, 0, 100, 100, 0, 0]",29.62962962962963,,,8.0,999.0
GHA_008054,Abesewa Gyamang CHPS,Western,Wassa Amenfi East,PRIMARY,CHPS,,MINISTRY OF HEALTH (GOVERNMENT),,RURAL,OUTPATIENT ONLY,PRIMARY,2248,100,100,100,0,100,91.38888888888889,96.66666666666667,"[66.66666666666667, 100.0, 100.0, 100.0, 100.0, 100.0, 100.0, 100.0, 100.0, 100.0]",86.11111111111111,"[100, 100, 75, 100, 100, 100, 100, 100, 0, 100, 100, 100, 100, 75, 100, 100, 100, 0, 100, 100, 75, 100, 100, 100, 100, 100, 0, 100, 100, 75, 100, 100, 100, 100, 100, 0, 100, 100, 75, 100, 100, 100, 100, 100, 0]",100.0,"[100, 100, 100, 100]",100.0,100.0,100.0,100.0,,,,,,25.0,"[25.0, 25.0, 25.0]",100.0,0.0,0.0,0.0,33.75,,100.0,15.0,,,0.0,20.0,0.0,"[0, 0, 0]",100.0,100.0,100.0,100.0,100.0,,100.0,100.0,,,,18.181818181818183,"[100, 0, 0, 0, 100, 0, 0, 0, 0, 0, 0]",,18.181818181818183,0.0,2.0,0.0
GHA_010629,Gumbo CHPS,Upper East,Bawku Municipal,PRIMARY,CHPS,,MINISTRY OF HEALTH (GOVERNMENT),,RURAL,OUTPATIENT ONLY,PRIMARY,1396,0,0,0,0,100,,,[],,[],0.0,[],,,,,,,,,,,[],,,,,117.64705882352942,,,,,117.64705882352942,,,,[],16.666666666666664,100.0,0.0,,,,100.0,100.0,,,,,[nan],,,0.0,3.0,0.0
GHA_003760,Kwahu Praso CHPS,Eastern,Kwahu South,PRIMARY,HEALTH CENTRE,,LOCAL GOVERNMENT,,RURAL,BOTH OUT AND INPATIENT,PRIMARY,4279,0,0,100,100,100,82.5,100.0,"[100.0, 100.0, 100.0, 100.0, 100.0]",65.0,"[50, 50, 75, 75, 75, 100, 100, 100, 0, 75, 75, 50, 100, 50, 100, 0, 100, 0, 50, 75, 50, 100, 50, 100, 100, 100, 0, 50, 50, 50, 100, 50, 100, 100, 100, 0, 50, 75, 50, 75, 75, 100, 0, 100, 0]",100.0,"[100, 100, 100, 100]",100.0,100.0,100.0,100.0,100.0,100.0,,100.0,100.0,75.0,"[75.0, 75.0, 75.0]",100.0,0.0,100.0,100.0,73.12461921829289,100.0,88.37209302325581,4.605263157894736,100.0,72.6457399103139,,,100.0,"[100, 100, 100]",100.0,100.0,0.0,,100.0,100.0,100.0,100.0,,,,3.7037037037037037,"[0, 0, 0, 0, 100, 0, 0, 0, 0, 0, 0, 0, 0, 0, 0, 0, 0, 0, 0, 0, 0, 0, 0, 0, 0, 0, 0]",3.7037037037037037,,0.0,53.0,0.0
GHA_008233,Asukese-Airport CHPS,Ahafo,Asunafo North,PRIMARY,CHPS,,MINISTRY OF HEALTH (GOVERNMENT),,RURAL,OUTPATIENT ONLY,PRIMARY,7733,100,0,100,100,100,86.66666666666666,90.0,"[90.0, 90.0, 90.0, 90.0, 90.0]",83.33333333333333,"[100, 100, 100, 100, 50, 100, 100, 100, 0, 100, 100, 100, 100, 50, 100, 100, 100, 0, 100, 100, 75, 100, 100, 100, 100, 100, 0, 100, 100, 100, 100, 50, 100, 100, 100, 0, 100, 100, 100, 100, 25, 100, 100, 100, 0]",75.0,"[0, 100, 100, 100]",0.0,100.0,100.0,100.0,66.66666666666667,100.0,,100.0,0.0,41.666666666666664,"[0.0, 50.0, 75.0]",0.0,66.66666666666667,66.66666666666667,33.333333333333336,69.96031746031747,66.66666666666667,100.0,7.5,80.0,95.63492063492063,,,66.66666666666667,"[0, 100, 100]",100.0,100.0,100.0,,100.0,100.0,100.0,100.0,,,,9.090909090909092,"[0, 0, 0, 0, 100, 0, 0, 0, 0, 0, 0]",,9.090909090909092,0.0,6.0,0.0
GHA_003659,Adankrono CHPS,Eastern,Kwaebibirem,PRIMARY,CHPS,,MINISTRY OF HEALTH (GOVERNMENT),,RURAL,OUTPATIENT ONLY,PRIMARY,2225,100,0,100,100,100,88.33333333333334,90.0,"[90.0, 90.0, 90.0, 90.0, 90.0]",86.66666666666667,"[100, 100, 100, 100, 75, 100, 100, 100, 0, 100, 100, 100, 100, 75, 100, 100, 100, 0, 100, 100, 100, 100, 75, 100, 100, 100, 0, 100, 100, 100, 100, 100, 100, 100, 100, 0, 100, 100, 100, 100, 75, 100, 100, 100, 0]",100.0,"[100, 100, 100, 100]",100.0,100.0,100.0,100.0,66.66666666666667,100.0,,100.0,0.0,37.5,"[25.0, 50.0]",50.0,50.0,50.0,0.0,70.10344827586206,66.66666666666667,100.0,5.0,80.0,98.85057471264368,,,50.0,"[0, 100]",0.0,100.0,100.0,,100.0,100.0,100.0,100.0,,,,9.090909090909092,"[0, 0, 0, 0, 100, 0, 0, 0, 0, 0, 0]",,9.090909090909092,0.0,5.0,0.0
GHA_005772,Tamale Teaching Hospital,Northern,Tamale,TERTIARY,TEACHING HOSPITAL,,MINISTRY OF HEALTH (GOVERNMENT),,URBAN,BOTH OUT AND INPATIENT,TERTIARY,4200000,100,100,100,100,100,65.44949494949495,58.12121212121212,"[90.0, 81.81818181818181, 70.0, 90.0, 90.0, 0.0, 0.0, 0.0, 0.0, 0.0, 100.0, 100.0, 100.0, 50.0, 100.0]",72.77777777777777,"[0, 75, 100, 100, 100, 100, 100, 100, 0, 100, 75, 75, 100, 100, 100, 100, 100, 0, 0, 100, 50, 100, 100, 100, 100, 100, 0, 50, 25, 50, 100, 100, 0, 100, 100, 0, 0, 100, 75, 100, 100, 100, 100, 100, 0]",100.0,"[100, 100, 100, 100]",100.0,100.0,100.0,100.0,56.66666666666667,100.0,80.0,60.0,20.0,95.0,"[100.0, 100.0, 100.0, 75.0, 100.0]",80.0,100.0,100.0,100.0,88.6921373200443,56.66666666666667,,,100.0,86.79401993355482,100.0,100.0,100.0,"[100, 100, 100, 100, 100]",100.0,100.0,100.0,100.0,100.0,100.0,100.0,100.0,100.0,100.0,100.0,66.66666666666667,"[100, 100, 0, 0, 100, 100, 0, 100, 100, 100, 100, 100, 100, 0, 100, 100, 100, 0, 100, 100, 0, 100, 100, 100, 0, 0, 0]",66.66666666666667,,0.0,2046.0,0.0
GHA_002658,Abigyakrom CHPS,Central,Agona West,PRIMARY,CHPS,,MINISTRY OF HEALTH (GOVERNMENT),,RURAL,OUTPATIENT ONLY,PRIMARY,1946,100,0,100,100,100,55.0,55.0,"[60.0, 50.0]",,[],100.0,"[100, 100, 100, 100]",100.0,100.0,100.0,100.0,50.0,50.0,,100.0,0.0,25.0,"[25.0, 25.0, 25.0]",100.0,0.0,0.0,0.0,49.48717948717949,50.0,50.0,0.0,50.0,97.43589743589743,,,0.0,"[0, 0, 0]",100.0,100.0,100.0,,100.0,100.0,100.0,100.0,,,,9.090909090909092,"[0, 0, 0, 0, 100, 0, 0, 0, 0, 0, 0]",,9.090909090909092,0.0,2.0,0.0
GHA_003118,Krobo CHPS,Central,Twifo-Hemang Lower Denkyira,PRIMARY,CHPS,,MINISTRY OF HEALTH (GOVERNMENT),,RURAL,OUTPATIENT ONLY,PRIMARY,2560,100,0,100,100,100,67.08333333333334,67.5,"[60.0, 70.0, 70.0, 70.0]",66.66666666666667,"[100, 100, 50, 100, 50, 0, 100, 100, 0]",100.0,"[100, 100, 100, 100]",100.0,100.0,100.0,100.0,66.66666666666667,100.0,,100.0,0.0,0.0,[0.0],0.0,0.0,0.0,0.0,67.2536231884058,66.66666666666667,66.66666666666666,17.5,75.0,110.43478260869566,,,0.0,[0],50.0,60.0,0.0,,100.0,100.0,100.0,0.0,,,,18.181818181818183,"[100, 0, 0, 0, 100, 0, 0, 0, 0, 0, 0]",,18.181818181818183,0.0,4.0,0.0
GHA_002470,Tanonafo CHPS,Brong Ahafo,Techiman Municipal,PRIMARY,CHPS,,MINISTRY OF HEALTH (GOVERNMENT),,RURAL,OUTPATIENT ONLY,PRIMARY,2404,100,0,100,100,100,85.0,,[],85.0,"[100, 100, 100, 100, 100, 100, 100, 100, 0, 100, 100, 100, 100, 25, 100, 100, 100, 0, 100, 100, 100, 100, 100, 100, 100, 100, 0, 100, 100, 100, 100, 100, 100, 100, 100, 0, 100, 100, 0, 100, 100, 100, 100, 100, 0]",25.0,"[100, 0, 0, 0]",100.0,0.0,0.0,0.0,,,,,,25.0,"[50.0, 0.0]",0.0,0.0,50.0,50.0,74.08730158730158,,66.66666666666666,57.5,,98.09523809523809,,,50.0,"[100, 0]",100.0,20.0,0.0,,0.0,0.0,100.0,0.0,,,,18.181818181818183,"[100, 0, 0, 0, 100, 0, 0, 0, 0, 0, 0]",,18.181818181818183,0.0,3.0,0.0
GHA_003983,Nsawam Government Hospital,Eastern,Nsawam-Adoagyiri,PRIMARY,DISTRICT HOSPITAL,,MINISTRY OF HEALTH (GOVERNMENT),,URBAN,BOTH OUT AND INPATIENT,PRIMARY,26557,100,100,100,100,100,62.44444444444444,56.0,"[70.0, 70.0, 60.0, 70.0, 70.0, 0.0, 0.0, 0.0, 0.0, 0.0, 100.0, 100.0, 100.0, 100.0, 100.0]",68.88888888888889,"[100, 50, 50, 100, 0, 100, 100, 0, 0, 100, 75, 100, 100, 100, 100, 100, 100, 0, 100, 100, 100, 100, 50, 100, 0, 100, 0, 100, 100, 50, 100, 50, 100, 100, 100, 0, 100, 100, 50, 100, 25, 100, 0, 0, 0]",0.0,"[0, 0, 0, nan]",0.0,0.0,0.0,,60.000000000000014,100.0,,80.0,0.0,,[],,,,,53.130294038305905,60.000000000000014,,,0.0,105.65147019152954,0.0,100.0,,[],16.666666666666664,100.0,100.0,100.0,100.0,100.0,100.0,100.0,100.0,100.0,100.0,62.96296296296296,"[100, 100, 0, 0, 100, 100, 0, 100, 100, 100, 100, 100, 100, 0, 100, 100, 100, 0, 100, 100, 0, 0, 0, 100, 100, 0, 0]",62.96296296296296,,2.7444253859348198,583.0,16.0
GHA_000025,Effia Nkwanta Regional Hospital,Western,Sekondi-Takoradi,SECONDARY,REGIONAL HOSPITAL,,MINISTRY OF HEALTH (GOVERNMENT),,URBAN,BOTH OUT AND INPATIENT,SECONDARY,14495,100,100,100,100,100,82.5,100.0,"[100.0, 100.0, 100.0, 100.0, 100.0, 100.0, 100.0, 100.0, 100.0, 100.0, 100.0, 100.0, 100.0, 100.0, 100.0]",65.0,"[100, 50, 75, 100, 100, 100, 100, 100, 0, 50, 50, 50, 50, 50, 100, 100, 100, 0, 50, 50, 50, 50, 50, 100, 100, 100, 0, 25, 50, 50, 50, 50, 100, 100, 100, 0, 50, 75, 50, 50, 50, 100, 100, 100, 0]",100.0,"[100, 100, 100, 100]",100.0,100.0,100.0,100.0,100.0,,100.0,100.0,100.0,50.0,"[50.0, 50.0, 50.0]",100.0,0.0,0.0,100.0,83.8256029684601,100.0,63.63636363636363,43.14285714285714,80.0,100.0,100.0,100.0,0.0,"[0, 0, 0]",16.666666666666664,100.0,100.0,100.0,100.0,100.0,100.0,100.0,100.0,100.0,100.0,70.37037037037037,"[100, 100, 0, 0, 100, 100, 0, 100, 100, 100, 100, 100, 100, 0, 100, 100, 100, 100, 100, 100, 0, 0, 0, 100, 100, 100, 0]",70.37037037037037,,9.803921568627452,204.0,20.0
GHA_006479,Tumu Health Centre,Upper West,Sissala East,PRIMARY,HEALTH CENTRE,,MINISTRY OF HEALTH (GOVERNMENT),,URBAN,OUTPATIENT ONLY,PRIMARY,9155,100,100,100,100,100,80.88888888888889,94.0,"[100.0, 90.0, 90.0, 100.0, 90.0]",67.77777777777777,"[75, 100, 50, 75, 0, 100, 100, 100, 0, 75, 100, 25, 100, 0, 100, 0, 100, 0, 100, 100, 25, 75, 50, 100, 100, 100, 0, 100, 75, 75, 100, 0, 100, 100, 100, 0, 100, 75, 25, 100, 50, 100, 100, 100, 0]",75.0,"[0, 100, 100, 100]",0.0,100.0,100.0,100.0,80.00000000000001,100.0,,100.0,40.0,25.0,"[25.0, 25.0]",100.0,0.0,0.0,0.0,77.91949152542372,80.00000000000001,100.0,8.75,100.0,100.84745762711864,,,0.0,"[0, 0]",100.0,100.0,100.0,100.0,100.0,100.0,100.0,100.0,100.0,100.0,100.0,36.36363636363637,"[100, 0, 0, 0, 100, 100, 0, 0, 100, 0, 0]",,36.36363636363637,0.0,8.0,0.0
GHA_008519,Nyaboo CHPS,Ashanti,Asante Akim Central,PRIMARY,HEALTH CENTRE,,MINISTRY OF HEALTH (GOVERNMENT),,PERIURBAN,BOTH OUT AND INPATIENT,PRIMARY,2773,100,0,100,100,100,87.61111111111111,89.11111111111111,"[90.0, 88.88888888888889, 100.0, 77.77777777777777, 88.88888888888889]",86.11111111111111,"[100, 100, 75, 75, 100, 100, 100, 100, 0, 100, 100, 100, 100, 75, 100, 100, 100, 0, 100, 100, 100, 100, 75, 100, 100, 100, 0, 100, 100, 100, 100, 75, 100, 100, 100, 0, 100, 100, 100, 100, 100, 100, 100, 100, 0]",75.0,"[0, 100, 100, 100]",0.0,100.0,100.0,100.0,83.33333333333334,100.0,,100.0,60.0,25.0,[25.0],100.0,0.0,0.0,0.0,62.22222222222223,83.33333333333334,75.0,8.333333333333334,40.0,104.44444444444446,,,0.0,[0],50.0,100.0,100.0,,100.0,100.0,100.0,100.0,,,,9.090909090909092,"[0, 0, 0, 0, 100, 0, 0, 0, 0, 0, 0]",,9.090909090909092,0.0,13.0,0.0
GHA_008055,Adanse CHPS,Western,Wassa Amenfi East,PRIMARY,CHPS,,OTHER (SPECIFY),Community Initiative,RURAL,OUTPATIENT ONLY,PRIMARY,472,0,0,100,0,100,62.77777777777778,,[],62.77777777777778,"[50, 50, 50, 50, 50, 100, 100, 100, 0, 50, 50, 25, 50, 50, 100, 100, 100, 0, 50, 50, 50, 50, 50, 100, 100, 100, 0, 100, 100, 50, 100, 75, 100, 100, 100, 0, 75, 50, 50, 50, 50, 100, 100, 0, 0]",25.0,"[0, 0, 0, 100]",0.0,0.0,0.0,100.0,,,,,,41.666666666666664,"[25.0, 50.0, 50.0]",100.0,0.0,0.0,66.66666666666667,66.1111111111111,,100.0,5.0,,93.33333333333333,,,0.0,"[0, 0, 0]",16.666666666666664,100.0,0.0,,100.0,,100.0,100.0,,,,,[nan],,,100.0,2.0,2.0
GHA_007685,Agyan CHPS,Western,Nzema East,PRIMARY,CHPS,,OTHER (SPECIFY),Honourable Member of Parliament,RURAL,OUTPATIENT ONLY,PRIMARY,1682,0,0,100,100,100,84.16666666666666,100.0,"[100.0, 100.0, 100.0, 100.0, 100.0]",68.33333333333333,"[50, 50, 50, 50, 50, 100, 100, 100, 0, 100, 100, 50, 100, 100, 100, 100, 100, 0, 50, 100, 50, 50, 50, 100, 100, 100, 0, 50, 100, 50, 50, 50, 100, 100, 100, 0, 50, 50, 50, 50, 75, 100, 100, 100, 0]",100.0,"[100, 100, 100, 100]",100.0,100.0,100.0,100.0,100.0,,100.0,100.0,100.0,50.0,"[50.0, 50.0]",100.0,0.0,0.0,100.0,72.38095238095238,100.0,100.0,3.333333333333333,80.0,78.57142857142857,,,0.0,"[0, 0]",16.666666666666664,100.0,0.0,,100.0,100.0,100.0,100.0,,,,9.090909090909092,"[0, 0, 0, 0, 100, 0, 0, 0, 0, 0, 0]",,9.090909090909092,,4.0,999.0
GHA_007701,Akango CHPS,Western,Nzema East,PRIMARY,CHPS,,LOCAL GOVERNMENT,,RURAL,OUTPATIENT ONLY,PRIMARY,5912,0,0,100,0,100,65.74074074074075,,[],65.74074074074075,"[50, 50, 50, 50, 50, 100, 100, 100, 0, 100, 50, 50, 75, 50, 100, 100, 100, 0, 50, 50, 50, 50, 100, 100, 100, 100, 0]",0.0,[],,,,,,,,,,50.0,"[50.0, 50.0]",100.0,0.0,0.0,100.0,68.33333333333333,,100.0,5.0,,100.0,,,0.0,"[0, 0]",16.666666666666664,100.0,0.0,,100.0,,100.0,100.0,,,,,[nan],,,,0.0,999.0
GHA_007982,Amantin CHPS,Western,Tarkwa-Nsuaem,PRIMARY,CHPS,,OTHER (SPECIFY),Community Initiative,RURAL,OUTPATIENT ONLY,PRIMARY,1621,100,0,100,100,100,88.61111111111111,100.0,"[100.0, 100.0, 100.0, 100.0, 100.0]",77.22222222222223,"[50, 50, 100, 100, 100, 100, 100, 100, 0, 100, 100, 100, 100, 100, 100, 100, 0, 0, 75, 75, 75, 75, 50, 100, 100, 100, 0, 100, 100, 50, 75, 100, 100, 100, 100, 0, 75, 75, 50, 100, 100, 100, 100, 100, 0]",100.0,"[100, 100, 100, nan]",100.0,100.0,100.0,,100.0,,100.0,100.0,100.0,,[],,,,,82.1304347826087,100.0,100.0,15.0,100.0,95.65217391304348,,,,[],16.666666666666664,100.0,100.0,,100.0,100.0,100.0,100.0,,,,9.090909090909092,"[0, 0, 0, 0, 100, 0, 0, 0, 0, 0, 0]",,9.090909090909092,,999.0,5.0
GHA_007656,Juaboso Government Hospital,Western,Juaboso,PRIMARY,DISTRICT HOSPITAL,,MINISTRY OF HEALTH (GOVERNMENT),,URBAN,BOTH OUT AND INPATIENT,SECONDARY,94583,100,100,100,100,100,88.08139534883722,100.0,"[100.0, 100.0, 100.0, 100.0, 100.0, 100.0, 100.0, 100.0, 100.0, 100.0, 100.0, 100.0, 100.0, 100.0, 100.0]",76.16279069767442,"[100, 100, 50, 100, 50, 100, 100, 100, 0, 75, 100, 100, 100, 100, 100, 100, 0, 0, 100, 100, 75, 75, 100, 100, 100, 100, 0, 50, 75, nan, 50, 50, 100, 100, 100, 0, 100, 100, 100, nan, 25, 100, 100, 100, 0]",75.0,"[100, 100, 100, 0]",100.0,100.0,100.0,0.0,100.0,,100.0,100.0,100.0,40.0,"[50.0, 25.0, 50.0, 25.0, 50.0]",100.0,0.0,20.0,40.0,76.2724358974359,100.0,80.0,38.25,60.0,99.38461538461539,80.0,,20.0,"[100, 0, 0, 0, 0]",16.666666666666664,100.0,100.0,100.0,100.0,100.0,100.0,100.0,50.0,0.0,100.0,37.03703703703704,"[0, 100, 0, 0, 100, 100, 0, 100, 0, 0, 0, 100, 100, 0, 0, 100, 100, 0, 100, 100, 0, 0, 0, 0, 0, 0, 0]",37.03703703703704,,100.0,12.0,12.0
GHA_001089,Kumasi South Hospital,Ashanti,Kumasi Metro,SECONDARY,REGIONAL/PROVINCIAL REFERRAL HOSPITAL,,MINISTRY OF HEALTH (GOVERNMENT),,URBAN,BOTH OUT AND INPATIENT,SECONDARY,128280,100,100,100,100,100,87.94444444444444,92.0,"[90.0, 80.0, 80.0, 50.0, 80.0, 100.0, 100.0, 100.0, 100.0, 100.0, 100.0, 100.0, 100.0, 100.0, 100.0]",83.88888888888889,"[100, 100, 100, 100, 100, 100, 0, 100, 0, 100, 100, 100, 100, 100, 0, 100, 100, 0, 100, 100, 100, 100, 100, 100, 100, 100, 0, 100, 100, 100, 75, 100, 100, 100, 100, 0, 100, 100, 100, 100, 100, 100, 100, 100, 0]",75.0,"[100, 100, 0, 100]",100.0,100.0,0.0,100.0,93.33333333333334,100.0,,100.0,80.0,83.33333333333333,"[100.0, 50.0, 100.0]",66.66666666666667,66.66666666666667,100.0,100.0,66.64433680488726,93.33333333333334,100.0,8.211009174311926,20.0,98.32167832167832,80.0,,100.0,"[100, 100, 100]",100.0,71.42857142857143,100.0,100.0,100.0,100.0,0.0,0.0,100.0,100.0,100.0,55.55555555555556,"[100, 100, 0, 100, 100, 100, 0, 100, 0, 0, 0, 100, 100, 100, 0, 100, 100, 0, 0, 100, 100, 0, 0, 100, 100, 0, 0]",55.55555555555556,,0.0,254.0,0.0
GHA_001246,Tafo Government Hospital,Ashanti,Kumasi Metro,PRIMARY,DISTRICT HOSPITAL,,MINISTRY OF HEALTH (GOVERNMENT),,URBAN,BOTH OUT AND INPATIENT,PRIMARY,145824,100,100,100,100,100,58.888888888888886,46.666666666666664,"[90.0, 90.0, 90.0, 90.0, 90.0, 0.0, 0.0, 0.0, 0.0, 0.0, 50.0, 50.0, 50.0, 50.0, 50.0]",71.11111111111111,"[100, 75, 75, 100, 100, 100, 100, 100, 0, 75, 100, 50, 75, 75, 100, 0, 100, 0, 100, 100, 100, 100, 100, 100, 0, 100, 0, 75, 75, 75, 75, 75, 100, 100, 100, 0, 100, 100, 0, 100, 0, 100, 0, 100, 0]",75.0,"[100, 100, 0, 100]",100.0,100.0,0.0,100.0,66.66666666666667,100.0,,100.0,0.0,91.66666666666667,"[100.0, 75.0, 100.0]",66.66666666666667,100.0,100.0,100.0,80.51739548954896,66.66666666666667,100.0,33.81944444444444,100.0,82.61826182618262,100.0,,100.0,"[100, 100, 100]",100.0,71.42857142857143,100.0,0.0,100.0,0.0,100.0,100.0,50.0,0.0,100.0,48.148148148148145,"[100, 100, 0, 0, 100, 100, 0, 100, 0, 0, 0, 100, 100, 0, 0, 100, 100, 0, 100, 100, 0, 0, 0, 100, 0, 0, 100]",48.148148148148145,,18.548387096774192,124.0,23.0
GHA_005584,Kukuo CHPS,Northern,Nanumba South,PRIMARY,CHPS,,MINISTRY OF HEALTH (GOVERNMENT),,RURAL,OUTPATIENT ONLY,PRIMARY,21576,100,0,100,100,100,88.05555555555556,90.0,"[90.0, 90.0, 90.0, 90.0, 90.0]",86.11111111111111,"[100, 100, 75, 100, 50, 100, 100, 100, 0, 100, 100, 100, 100, 100, 100, 100, 100, 0, 100, 100, 100, 100, 100, 100, 100, 100, 0]",100.0,"[100, 100, 100, 100]",100.0,100.0,100.0,100.0,100.0,100.0,,100.0,100.0,0.0,"[0.0, 0.0, 0.0, 0.0, 0.0]",0.0,0.0,0.0,0.0,78.93801652892562,100.0,100.0,7.5,100.0,87.19008264462809,,,0.0,"[0, 0, 0, 0, 0]",100.0,80.0,0.0,,100.0,100.0,100.0,100.0,,,,18.181818181818183,"[100, 0, 0, 0, 100, 0, 0, 0, 0, 0, 0]",,18.181818181818183,0.0,2.0,0.0
GHA_000033,Komfo Anokye Teaching Hospital,Ashanti,Kumasi Metro,TERTIARY,TEACHING HOSPITAL,,MINISTRY OF HEALTH (GOVERNMENT),,URBAN,BOTH OUT AND INPATIENT,TERTIARY,9700000,100,100,100,100,100,88.66666666666666,94.0,"[90.0, 80.0, 80.0, 80.0, 80.0, 100.0, 100.0, 100.0, 100.0, 100.0, 100.0, 100.0, 100.0, 100.0, 100.0]",83.33333333333333,"[100, 100, 100, 100, 75, 100, 100, 100, 0, 100, 100, 100, 100, 25, 100, 100, 100, 0, 100, 100, 100, 100, 75, 100, 100, 100, 0, 100, 100, 100, 100, 75, 100, 100, 100, 0, 75, 100, 75, 75, 75, 100, 100, 100, 0]",0.0,[],,,,,66.66666666666667,100.0,,100.0,0.0,75.0,"[75.0, 75.0, 75.0, 75.0, 75.0]",0.0,100.0,100.0,100.0,82.20513478525542,66.66666666666667,100.0,24.272300469483568,100.0,84.49697636063772,100.0,100.0,100.0,"[100, 100, 100, 100, 100]",16.666666666666664,71.42857142857143,100.0,0.0,0.0,100.0,100.0,100.0,100.0,100.0,100.0,77.77777777777777,"[100, 100, 100, 0, 100, 100, 0, 100, 100, 100, 100, 100, 100, 100, 100, 100, 100, 100, 100, 100, 100, 0, 0, 100, 100, 0, 0]",77.77777777777777,,,999.0,999.0
GHA_006400,Nadowli District Hospital,Upper West,Nadowli-Kaleo,PRIMARY,DISTRICT HOSPITAL,,MINISTRY OF HEALTH (GOVERNMENT),,URBAN,BOTH OUT AND INPATIENT,PRIMARY,77054,100,100,100,100,100,75.5,89.33333333333333,"[90.0, 100.0, 100.0, 100.0, 100.0, 0.0, 100.0, 100.0, 50.0, 100.0, 100.0, 100.0, 100.0, 100.0, 100.0]",61.666666666666664,"[75, 100, 75, 100, 25, 100, 0, 100, 0, 100, 75, 25, 75, 25, 0, 0, 100, 0, 75, 100, 50, 100, 50, 0, 100, 100, 0, 100, 100, 25, 75, 0, 100, 100, 100, 0, 75, 100, 25, 100, 25, 100, 100, 100, 0]",100.0,"[100, 100, 100, 100]",100.0,100.0,100.0,100.0,93.33333333333334,100.0,,100.0,80.0,25.0,[25.0],100.0,0.0,0.0,0.0,79.6485260770975,93.33333333333334,96.42857142857143,11.11111111111111,100.0,76.66666666666666,80.0,100.0,0.0,[0],33.33333333333333,100.0,100.0,100.0,100.0,100.0,100.0,100.0,100.0,100.0,100.0,55.55555555555556,"[100, 100, 0, 0, 100, 100, 0, 100, 0, 0, 0, 100, 100, 0, 0, 100, 100, 0, 100, 100, 0, 0, 0, 100, 100, 100, 100]",55.55555555555556,,0.91324200913242,219.0,2.0
GHA_007774,TANOKROM CHPS,Western,Sefwi-Akontombra,PRIMARY,CHPS,,OTHER (SPECIFY),Community Initiative,RURAL,OUTPATIENT ONLY,PRIMARY,520,100,0,100,100,100,82.0,94.0,"[90.0, 100.0, 90.0, 100.0, 90.0]",70.0,"[50, 100, 100, 75, 50, 100, 100, 100, 0, 100, 100, 50, 75, 75, 100, 100, 100, 0, 50, 100, 50, 50, 75, 100, 100, 100, 0, 75, 75, 50, 50, 50, 100, 100, 100, 0, 50, 50, 50, 50, 50, 100, 100, 100, 0]",33.333333333333336,"[100, 0, 0, nan]",100.0,0.0,0.0,,80.00000000000001,100.0,50.0,100.0,60.0,,[],,,,,76.0,80.00000000000001,100.0,40.0,60.0,100.0,,,,[],16.666666666666664,60.0,0.0,,100.0,100.0,100.0,0.0,,,,9.090909090909092,"[0, 0, 0, 0, 100, 0, 0, 0, 0, 0, 0]",,9.090909090909092,100.0,5.0,5.0
GHA_000034,Korle-bu Teaching Hospital,Greater Accra,Accra Metro,TERTIARY,TEACHING HOSPITAL,,MINISTRY OF HEALTH (GOVERNMENT),,URBAN,BOTH OUT AND INPATIENT,TERTIARY,2605000,100,100,100,100,100,70.16666666666666,75.33333333333333,"[70.0, 70.0, 80.0, 80.0, 80.0, 50.0, 50.0, 50.0, 50.0, 50.0, 100.0, 100.0, 100.0, 100.0, 100.0]",65.0,"[50, 0, 100, 100, 75, 100, 0, 0, 0, 50, 25, 100, 100, 100, 100, 100, 0, 0, 100, 75, 100, 100, 75, 100, 100, 100, 0, 75, 100, 50, 100, 50, 0, 100, 100, 0, 75, 75, 50, 75, 25, 100, 100, 100, 0]",0.0,"[0, 0, 0, nan]",0.0,0.0,0.0,,53.333333333333336,100.0,,60.0,0.0,,[],,,,,53.7647956281806,53.333333333333336,83.80352644836272,0.3186053501653141,100.0,18.89810426540285,20.0,100.0,,[],16.666666666666664,100.0,100.0,100.0,100.0,100.0,100.0,100.0,100.0,100.0,100.0,81.48148148148148,"[100, 100, 100, 0, 100, 100, 0, 100, 100, 100, 100, 100, 100, 100, 100, 100, 100, 100, 100, 100, 0, 0, 0, 100, 100, 100, 100]",81.48148148148148,,29.53998797354179,6652.0,1965.0
GHA_005338,Nansoni CHPS,Northern,Chereponi,PRIMARY,CHPS,,MINISTRY OF HEALTH (GOVERNMENT),,RURAL,OUTPATIENT ONLY,PRIMARY,8727,100,0,100,100,100,89.44444444444444,90.0,"[90.0, 90.0, 90.0, 90.0, 90.0]",88.88888888888889,"[100, 100, 100, 100, 100, 100, 100, 100, 0]",100.0,"[100, 100, 100, 100]",100.0,100.0,100.0,100.0,100.0,100.0,,100.0,100.0,25.0,"[25.0, 25.0, 25.0, 25.0, 25.0]",100.0,0.0,0.0,0.0,57.64406779661017,100.0,50.0,5.0,40.0,93.22033898305084,,,0.0,"[0, 0, 0, 0, 0]",16.666666666666664,100.0,100.0,,100.0,100.0,100.0,100.0,,,,,[nan],,,0.0,6.0,0.0
GHA_002738,Ekwamase CHPS,Central,Ajumako-Enyan-Essiam,PRIMARY,CHPS,,MINISTRY OF HEALTH (GOVERNMENT),,RURAL,OUTPATIENT ONLY,PRIMARY,2865,100,0,100,100,100,78.44444444444444,68.0,"[60.0, 70.0, 70.0, 70.0, 70.0]",88.88888888888889,"[100, 100, 100, 100, 100, 100, 100, 100, 0, 100, 100, 100, 100, 100, 100, 100, 100, 0, 100, 100, 100, 100, 100, 100, 100, 100, 0, 100, 100, 100, 100, 100, 100, 100, 100, 0]",75.0,"[100, 100, 0, 100]",100.0,100.0,0.0,100.0,66.66666666666667,100.0,,100.0,0.0,25.0,[25.0],0.0,100.0,0.0,0.0,53.11255411255411,66.66666666666667,25.0,50.0,20.0,103.89610389610388,,,0.0,[0],100.0,100.0,100.0,,100.0,100.0,100.0,100.0,,,,18.181818181818183,"[100, 0, 0, 0, 100, 0, 0, 0, 0, 0, 0]",,18.181818181818183,0.0,4.0,0.0
GHA_002710,Nkojo CHPS,Central,Ajumako-Enyan-Essiam,PRIMARY,CHPS,,MINISTRY OF HEALTH (GOVERNMENT),,RURAL,OUTPATIENT ONLY,PRIMARY,4035,100,0,100,100,100,70.0,70.0,"[70.0, 70.0, 70.0, 70.0, 70.0]",,[],50.0,"[0, 100, 0, 100]",0.0,100.0,0.0,100.0,66.66666666666667,100.0,,100.0,0.0,25.0,"[25.0, 25.0]",0.0,100.0,0.0,0.0,56.76515151515152,66.66666666666667,100.0,6.25,40.0,70.9090909090909,,,0.0,"[0, 0]",16.666666666666664,100.0,100.0,,100.0,100.0,100.0,100.0,,,,18.181818181818183,"[100, 0, 0, 0, 100, 0, 0, 0, 0, 0, 0]",,18.181818181818183,20.0,5.0,1.0
GHA_010851,Kongo Daborin CHPS,Upper East,Nabdam,PRIMARY,CHPS,,MINISTRY OF HEALTH (GOVERNMENT),,RURAL,OUTPATIENT ONLY,PRIMARY,3107,100,0,100,100,100,80.0,80.0,[80.0],,[],100.0,"[100, 100, 100, 100]",100.0,100.0,100.0,100.0,66.66666666666667,100.0,,0.0,100.0,0.0,"[0.0, 0.0, 0.0]",0.0,0.0,0.0,0.0,55.41666666666667,66.66666666666667,50.0,5.0,100.0,,,,0.0,"[0, 0, 0]",16.666666666666664,60.0,0.0,,100.0,0.0,100.0,100.0,,,,9.090909090909092,"[0, 0, 0, 0, 100, 0, 0, 0, 0, 0, 0]",,9.090909090909092,0.0,2.0,0.0
GHA_010739,Anafobisi Health Centre,Upper East,Bongo,PRIMARY,HEALTH CENTRE,,MINISTRY OF HEALTH (GOVERNMENT),,PERIURBAN,OUTPATIENT ONLY,PRIMARY,2000,100,100,100,100,100,87.27777777777777,94.0,"[80.0, 90.0, 90.0, 90.0, 90.0, 100.0, 100.0, 100.0, 100.0, 100.0]",80.55555555555556,"[100, 100, 100, 100, 0, 100, 100, 100, 0, 100, 100, 100, 100, 50, 100, 100, 100, 0, 100, 100, 100, 100, 50, 100, 100, 100, 0, 100, 100, 100, 100, 50, 100, 100, 100, 0, 75, 100, 50, 100, 50, 100, 100, 100, 0]",100.0,"[100, 100, 100, 100]",100.0,100.0,100.0,100.0,60.000000000000014,100.0,,80.0,0.0,40.0,"[25.0, 50.0, 75.0, 25.0, 25.0]",80.0,40.0,40.0,0.0,67.4857142857143,60.000000000000014,71.42857142857143,6.0,100.0,,100.0,,40.0,"[0, 0, 100, 100, 0]",100.0,100.0,100.0,100.0,100.0,100.0,100.0,100.0,,,,18.51851851851852,"[100, 0, 0, 0, 100, 0, 0, 100, 0, 0, 0, 0, 0, 0, 0, 100, 0, 0, 0, 100, 0, 0, 0, 0, 0, 0, 0]",18.51851851851852,,17.647058823529413,17.0,3.0
GHA_006458,Santijan CHPS,Upper West,Sissala East,PRIMARY,CHPS,,MINISTRY OF HEALTH (GOVERNMENT),,RURAL,OUTPATIENT ONLY,PRIMARY,353,100,100,100,100,100,58.333333333333336,,[],58.333333333333336,"[25, 100, 25, 50, 50, 100, 100, 0, 0, 75, 100, 50, 50, 25, 100, 100, 100, 0]",100.0,"[100, 100, 100, 100]",100.0,100.0,100.0,100.0,,,,,,25.0,[25.0],100.0,0.0,0.0,0.0,36.36363636363637,,0.0,,,72.72727272727273,,,0.0,[0],100.0,83.33333333333333,100.0,100.0,100.0,0.0,100.0,100.0,,,,40.0,"[100, 0, 0, 0, 100, 100, 0, nan, 100, 0, 0]",,40.0,66.66666666666666,3.0,2.0
GHA_003922,Eastern Regional Hospital,Eastern,New Juaben,SECONDARY,REGIONAL HOSPITAL,,MINISTRY OF HEALTH (GOVERNMENT),,URBAN,BOTH OUT AND INPATIENT,SECONDARY,3000000,100,100,100,100,100,82.5,100.0,"[100.0, 100.0, 100.0, 100.0, 100.0, 100.0, 100.0, 100.0, 100.0, 100.0, 100.0, 100.0, 100.0, 100.0, 100.0]",65.0,"[50, 75, 50, 75, 50, 100, 100, 100, 0, 50, 75, 50, 100, 50, 100, 100, 100, 0, 75, 75, 50, 75, 50, 100, 100, 100, 0, 75, 75, 50, 75, 50, 100, 0, 100, 0, 75, 75, 75, 75, 50, 0, 100, 100, 0]",100.0,"[100, 100, 100, 100]",100.0,100.0,100.0,100.0,100.0,100.0,,100.0,100.0,62.5,"[75.0, 75.0, 75.0, 25.0]",100.0,0.0,75.0,75.0,69.41198276242302,100.0,98.65100087032201,1.749007498897221,100.0,45.483870967741936,40.0,100.0,75.0,"[100, 100, 100, 0]",83.33333333333334,100.0,100.0,100.0,100.0,100.0,100.0,100.0,100.0,100.0,100.0,81.48148148148148,"[100, 100, 0, 0, 100, 100, 100, 100, 0, 100, 100, 100, 100, 0, 100, 100, 100, 100, 100, 100, 0, 100, 100, 100, 100, 100, 100]",81.48148148148148,,0.8123476848090982,2462.0,20.0
GHA_003539,Okumaning CHPS,Eastern,Denkyembour,PRIMARY,CHPS,,OTHER (SPECIFY),Ghana health service,RURAL,OUTPATIENT ONLY,PRIMARY,5157,100,100,100,100,100,80.75396825396825,74.28571428571429,"[90.0, 80.0, 80.0, 90.0, 80.0, 50.0, 50.0]",87.22222222222223,"[100, 100, 100, 100, 75, 100, 100, 100, 0, 100, 100, 100, 100, 100, 100, 100, 100, 0, 100, 100, 100, 100, 100, 100, 100, 100, 0, 100, 100, 100, 100, 75, 100, 100, 100, 0, 100, 100, 100, 100, 75, 100, 100, 100, 0]",75.0,"[0, 100, 100, 100]",0.0,100.0,100.0,100.0,53.333333333333336,100.0,,60.0,0.0,37.5,"[25.0, 50.0]",50.0,0.0,100.0,0.0,53.35969868173259,53.333333333333336,83.33333333333334,9.0,80.0,94.49152542372882,0.0,,100.0,"[100, 100]",100.0,100.0,100.0,100.0,100.0,100.0,100.0,100.0,,,,,[nan],,,12.5,8.0,1.0
GHA_009190,Mfadwen CHPS,Central,Awutu Senya,PRIMARY,CHPS,,MINISTRY OF HEALTH (GOVERNMENT),,RURAL,OUTPATIENT ONLY,PRIMARY,5006,100,0,100,100,100,75.27777777777777,70.0,[70.0],80.55555555555556,"[100, 100, 100, 100, 75, 100, 100, 100, 0, 100, 100, 25, 100, 50, 100, 100, 100, 0]",75.0,"[100, 100, 0, 100]",100.0,100.0,0.0,100.0,66.66666666666667,100.0,,100.0,0.0,50.0,[50.0],0.0,100.0,100.0,0.0,42.127450980392155,66.66666666666667,50.0,5.0,0.0,88.97058823529412,,,100.0,[100],16.666666666666664,20.0,0.0,,0.0,0.0,100.0,0.0,,,,18.181818181818183,"[100, 0, 0, 0, 100, 0, 0, 0, 0, 0, 0]",,18.181818181818183,33.33333333333333,3.0,1.0
GHA_008250,Woramumuso CHPS Compound,Ahafo,Asutifi South,PRIMARY,CHPS,,MINISTRY OF HEALTH (GOVERNMENT),,RURAL,OUTPATIENT ONLY,PRIMARY,1772,100,0,100,100,100,82.55050505050505,84.54545454545455,"[90.0, 90.0, 80.0, 90.0, 72.72727272727273]",80.55555555555556,"[100, 100, 100, 100, 25, 100, 100, 100, 0, 100, 100, 100, 100, 25, 100, 100, 100, 0]",100.0,"[100, 100, 100, 100]",100.0,100.0,100.0,100.0,58.333333333333336,100.0,0.0,80.0,0.0,25.0,"[50.0, 0.0]",50.0,0.0,50.0,0.0,66.01666666666668,58.333333333333336,50.0,3.75,100.0,118.0,,,50.0,"[100, 0]",100.0,80.0,100.0,,100.0,100.0,100.0,0.0,,,,27.272727272727273,"[100, 0, 0, 0, 100, 0, 0, 0, 100, 0, 0]",,27.272727272727273,0.0,8.0,0.0
GHA_001862,Tewbabi CHPS,Brong Ahafo,Berekum,PRIMARY,CHPS,,MINISTRY OF HEALTH (GOVERNMENT),,RURAL,OUTPATIENT ONLY,PRIMARY,6992,100,0,100,100,100,85.83333333333334,90.0,"[90.0, 90.0, 90.0, 90.0, 90.0]",81.66666666666667,"[100, 100, 100, 100, 100, 100, 100, 0, 0, 100, 100, 100, 100, 100, 100, 100, 0, 0, 100, 100, 100, 100, 100, 100, 100, 100, 0, 100, 100, 100, 100, 25, 100, 100, 100, 0, 100, 100, 100, 100, 50, 100, 100, 100, 0]",100.0,"[100, 100, 100, 100]",100.0,100.0,100.0,100.0,66.66666666666667,100.0,,100.0,0.0,0.0,[0.0],0.0,0.0,0.0,0.0,64.27941483803554,66.66666666666667,45.45454545454545,6.0,80.0,123.27586206896552,,,0.0,[0],100.0,20.0,0.0,,0.0,0.0,100.0,0.0,,,,18.181818181818183,"[100, 0, 0, 0, 100, 0, 0, 0, 0, 0, 0]",,18.181818181818183,0.0,11.0,0.0
GHA_007229,Fakpe CHPS,Volta,North Tongu,PRIMARY,CHPS,,MINISTRY OF HEALTH (GOVERNMENT),,RURAL,OUTPATIENT ONLY,PRIMARY,4020,100,0,100,100,100,76.94444444444444,90.0,"[90.0, 90.0, 90.0, 90.0, 90.0]",63.888888888888886,"[75, 75, 75, 0, 50, 100, 100, 100, 0]",100.0,"[100, 100, 100, 100]",100.0,100.0,100.0,100.0,66.66666666666667,100.0,,100.0,0.0,0.0,"[0.0, 0.0]",0.0,0.0,0.0,0.0,75.69014084507042,66.66666666666667,100.0,3.333333333333333,100.0,108.4507042253521,,,0.0,"[0, 0]",16.666666666666664,80.0,0.0,,100.0,100.0,100.0,100.0,,,,9.090909090909092,"[0, 0, 0, 0, 100, 0, 0, 0, 0, 0, 0]",,9.090909090909092,0.0,7.0,0.0
GHA_004784,Balagonno CHPS,Greater Accra,Ga South,PRIMARY,CHPS,,MINISTRY OF HEALTH (GOVERNMENT),,RURAL,OUTPATIENT ONLY,PRIMARY,12339,100,0,100,100,100,83.54166666666666,90.0,"[90.0, 90.0, 90.0, 90.0, 90.0]",77.08333333333333,"[75, 75, 75, 100, 75, 100, 100, 100, 0, 100, 100, 75, 100, 100, 100, 100, 100, 0, 75, 100, 25, 100, 50, 100, 100, 100, 0, 100, 100, 100, 50, 100, 0, 100, 100, 0]",100.0,"[100, 100, 100, 100]",100.0,100.0,100.0,100.0,66.66666666666667,100.0,,100.0,0.0,25.0,"[25.0, 50.0, 0.0, 25.0, 25.0]",40.0,0.0,60.0,0.0,51.89830508474576,66.66666666666667,66.66666666666666,0.0,40.0,86.15819209039547,,,60.0,"[0, 100, 0, 100, 100]",83.33333333333334,100.0,100.0,,100.0,100.0,100.0,100.0,,,,9.090909090909092,"[0, 0, 0, 0, 100, 0, 0, 0, 0, 0, 0]",,9.090909090909092,0.0,6.0,0.0
GHA_005386,Salaga District Hospital,Northern,East Gonja,PRIMARY,DISTRICT HOSPITAL,,MINISTRY OF HEALTH (GOVERNMENT),,RURAL,BOTH OUT AND INPATIENT,PRIMARY,129429,100,100,100,100,100,58.888888888888886,33.333333333333336,"[100.0, 0.0, 0.0, 0.0, 0.0, 100.0]",84.44444444444444,"[100, 100, 100, 100, 75, 100, 100, 100, 0, 100, 100, 100, 100, 100, 0, 100, 100, 0, 100, 100, 100, 100, 100, 100, 100, 100, 0, 100, 100, 100, 100, 50, 100, 100, 100, 0, 100, 100, 100, 100, 75, 100, 100, 100, 0]",100.0,"[100, 100, 100, nan]",100.0,100.0,100.0,,,,,,,,[],,,,,72.63407712830464,,87.55760368663594,4.184210526315789,,71.42857142857143,100.0,100.0,,[],16.666666666666664,57.142857142857146,0.0,100.0,100.0,0.0,100.0,100.0,100.0,100.0,100.0,44.44444444444444,"[100, 100, 0, 0, 100, 100, 0, 100, 0, 0, 0, 0, 0, 0, 0, 100, 100, 0, 100, 100, 0, 0, 100, 100, 100, 0, 0]",44.44444444444444,,0.0,239.0,0.0
GHA_010463,Langa CHPS,Northern,Savelugu,PRIMARY,CHPS,,MINISTRY OF HEALTH (GOVERNMENT),,RURAL,OUTPATIENT ONLY,PRIMARY,3663,100,0,100,100,100,57.91666666666667,70.0,"[70.0, 70.0, 60.0, 70.0, 80.0]",45.833333333333336,"[0, 0, 0, 100, 100, 100, 100, 100, 0, 50, 0, 100, 100, 0, 100, 100, 0, 0, 0, 50, 0, 100, 50, 100, 100, 0, 0, 0, 0, 0, 0, 100, 100, 100, 0, 0]",50.0,"[0, 100, 0, 100]",0.0,100.0,0.0,100.0,66.66666666666667,100.0,,100.0,0.0,12.5,"[25.0, 0.0, 25.0, 0.0]",25.0,0.0,0.0,25.0,65.56082725060827,66.66666666666667,66.66666666666666,2.5,100.0,91.97080291970804,,,0.0,"[0, 0, 0, 0]",100.0,100.0,100.0,,100.0,100.0,100.0,100.0,,,,,[nan],,,22.22222222222222,9.0,2.0
GHA_006005,"Regional Hospital, Bolgatanga",Upper East,Bolgatanga,SECONDARY,REGIONAL HOSPITAL,,MINISTRY OF HEALTH (GOVERNMENT),,URBAN,BOTH OUT AND INPATIENT,SECONDARY,23840,100,100,100,100,100,72.01515151515152,82.66666666666667,"[80.0, 90.0, 90.0, 90.0, 90.0, 100.0, 0.0, 100.0, 100.0, 100.0, 50.0, 100.0, 100.0, 100.0, 50.0]",61.36363636363637,"[50, 50, 50, 100, 25, 100, 0, 0, 0, 100, 100, 75, 100, 0, 100, 100, 100, 0, 100, 100, 75, 75, 75, 100, 0, 100, 0, 75, 75, 100, 75, 25, 100, 0, 100, 0, 50, 50, 50, nan, 25, 100, 100, 100, 0]",100.0,"[100, 100, 100, 100]",100.0,100.0,100.0,100.0,93.33333333333334,100.0,,100.0,80.0,55.0,"[25.0, 75.0, 50.0, 50.0, 75.0]",60.0,0.0,80.0,80.0,79.99685292777397,93.33333333333334,89.0625,8.491228070175438,100.0,109.09090909090908,60.0,100.0,80.0,"[0, 100, 100, 100, 100]",16.666666666666664,100.0,100.0,100.0,100.0,100.0,100.0,100.0,100.0,100.0,100.0,92.5925925925926,"[100, 100, 100, 100, 100, 100, 100, 100, 100, 100, 100, 100, 100, 100, 100, 100, 100, 0, 0, 100, 100, 100, 100, 100, 100, 100, 100]",92.5925925925926,,23.52941176470588,765.0,180.0
GHA_010826,Wurunia CHPS,Upper East,Kasena-Nankana West,PRIMARY,CHPS,,MINISTRY OF HEALTH (GOVERNMENT),,RURAL,OUTPATIENT ONLY,PRIMARY,1136,0,0,0,0,100,61.111111111111114,,[],61.111111111111114,"[100, 100, 75, 100, 75, 0, 0, 100, 0]",100.0,"[nan, 100, 100, 100]",,100.0,100.0,100.0,,,,,,40.0,"[50.0, 75.0, 25.0, 25.0, 25.0]",100.0,20.0,20.0,20.0,65.0,,100.0,30.0,,,,,20.0,"[0, 100, 0, 0, 0]",100.0,100.0,0.0,,,,100.0,100.0,,,,,[nan],,,,1.0,999.0
GHA_002821,Nyankumasi Ahenkro Health Center,Central,Assin South,PRIMARY,HEALTH CENTRE,,MINISTRY OF HEALTH (GOVERNMENT),,PERIURBAN,OUTPATIENT ONLY,PRIMARY,10315,100,100,100,100,100,79.02777777777777,73.33333333333333,"[70.0, 70.0, 70.0, 70.0, 70.0, 100.0, 100.0, 100.0, 100.0, 100.0, 50.0, 50.0, 50.0, 50.0, 50.0]",84.72222222222223,"[100, 100, 100, 100, 100, 100, 100, 100, 0, 100, 100, 100, 100, 50, 100, 100, 100, 0, 100, 100, 100, 100, 100, 100, 100, 100, 0, 100, 100, 100, 100, 100, 0, 100, 100, 0]",100.0,"[100, 100, 100, 100]",100.0,100.0,100.0,100.0,66.66666666666667,100.0,,100.0,0.0,43.75,"[25.0, 50.0, 50.0, 50.0]",75.0,0.0,100.0,0.0,65.03193960511034,66.66666666666667,60.0,66.66666666666667,100.0,61.890243902439025,0.0,100.0,100.0,"[100, 100, 100, 100]",16.666666666666664,85.71428571428571,100.0,0.0,100.0,100.0,100.0,100.0,100.0,100.0,100.0,14.814814814814815,"[100, 0, 0, 0, 100, 0, 0, 100, 0, 0, 0, 0, 0, 0, 0, 0, 0, 0, 0, 100, 0, 0, 0, 0, 0, 0, 0]",14.814814814814815,,12.5,40.0,5.0
GHA_002664,Bobikuma Health Centre,Central,Agona West,PRIMARY,HEALTH CENTRE,,MINISTRY OF HEALTH (GOVERNMENT),,RURAL,OUTPATIENT ONLY,PRIMARY,14612,100,100,100,100,100,63.56481481481482,41.94444444444444,"[70.0, 70.0, 70.0, 55.55555555555556, 70.0, 0.0, 0.0, 0.0]",85.18518518518519,"[100, 100, 75, 100, 75, 100, 100, 100, 0, 100, 100, 100, 100, 50, 100, 100, 100, 0, 100, 100, 100, 100, 100, 100, 100, 100, 0]",100.0,"[100, 100, 100, 100]",100.0,100.0,100.0,100.0,53.333333333333336,100.0,,80.0,0.0,43.75,"[50.0, 25.0, 75.0, 25.0]",50.0,0.0,100.0,25.0,42.853290183387266,53.333333333333336,100.0,10.0,20.0,73.7864077669903,0.0,,100.0,"[100, 100, 100, 100]",16.666666666666664,100.0,100.0,100.0,100.0,100.0,100.0,100.0,50.0,0.0,100.0,11.11111111111111,"[100, 0, 0, 0, 100, 0, 0, 0, 0, 0, 0, 0, 0, 0, 0, 100, 0, 0, 0, 0, 0, 0, 0, 0, 0, 0, 0]",11.11111111111111,,7.5,40.0,3.0
GHA_005286,Gbankurugu CHPS,Northern,Bunkpurugu-Yunyoo,PRIMARY,CHPS,,MINISTRY OF HEALTH (GOVERNMENT),,RURAL,OUTPATIENT ONLY,PRIMARY,6479,100,0,100,100,100,75.97222222222223,70.0,"[70.0, 70.0, 70.0, 70.0, 70.0]",81.94444444444444,"[100, 100, 100, 100, 50, 100, 100, 100, 0, 100, 100, 100, 100, 25, 100, 100, 100, 0]",100.0,"[100, 100, 100, 100]",100.0,100.0,100.0,100.0,66.66666666666667,100.0,,100.0,0.0,20.0,"[0.0, 25.0, 25.0, 25.0, 25.0]",80.0,0.0,0.0,0.0,64.45833333333334,66.66666666666667,50.0,2.5,100.0,103.125,,,0.0,"[0, 0, 0, 0, 0]",16.666666666666664,80.0,0.0,,100.0,100.0,100.0,100.0,,,,,[nan],,,0.0,8.0,0.0
GHA_006615,Vieri CHPS,Upper West,Wa West,PRIMARY,HEALTH CENTRE,,OTHER (SPECIFY),Ghana Health Service,RURAL,OUTPATIENT ONLY,PRIMARY,8028,100,100,100,100,100,80.88888888888889,84.0,"[80.0, 70.0, 90.0, 90.0, 90.0]",77.77777777777777,"[100, 100, 100, 100, 0, 100, 100, 100, 0, 100, 100, 100, 100, 0, 100, 100, 100, 0, 100, 100, 100, 100, 0, 100, 100, 100, 0, 100, 100, 100, 100, 0, 100, 100, 100, 0, 100, 100, 100, 100, 0, 100, 100, 100, 0]",75.0,"[100, 100, 100, 0]",100.0,100.0,100.0,0.0,93.33333333333334,100.0,,80.0,100.0,25.0,"[0.0, 50.0, 25.0]",66.66666666666667,0.0,0.0,33.333333333333336,63.304093567251456,93.33333333333334,75.0,5.555555555555555,40.0,102.63157894736842,,,0.0,"[0, 0, 0]",16.666666666666664,83.33333333333333,0.0,100.0,100.0,100.0,100.0,100.0,50.0,0.0,100.0,27.272727272727273,"[100, 0, 0, 0, 100, 0, 0, 0, 100, 0, 0]",,27.272727272727273,0.0,12.0,0.0
GHA_006088,Luisa CHPS,Upper East,Builsa South,PRIMARY,CHPS,,MINISTRY OF HEALTH (GOVERNMENT),,RURAL,OUTPATIENT ONLY,PRIMARY,1285,100,100,100,100,100,86.33333333333334,96.0,"[100.0, 100.0, 90.0, 90.0, 100.0]",76.66666666666667,"[75, 100, 100, 100, 100, 100, 100, 100, 0, 100, 100, 50, 100, 50, 100, 0, 100, 0, 50, 100, 50, 50, 100, 100, 100, 100, 0, 100, 100, 100, 100, 100, 100, 100, 100, 0, 100, 100, 75, 75, 75, 100, 0, 100, 0]",100.0,"[100, 100, 100, 100]",100.0,100.0,100.0,100.0,86.66666666666667,100.0,,100.0,60.0,25.0,[25.0],0.0,0.0,100.0,0.0,67.33333333333334,86.66666666666667,50.0,25.0,100.0,75.0,,,100.0,[100],83.33333333333334,83.33333333333333,100.0,100.0,100.0,0.0,100.0,100.0,,,,60.0,"[0, 0, 0, 0, 100, 100, nan, 100, 100, 100, 100]",,60.0,50.0,6.0,3.0
GHA_010680,Bok Sapeliga CHPS,Upper East,Binduri,PRIMARY,CHPS,,MINISTRY OF HEALTH (GOVERNMENT),,RURAL,OUTPATIENT ONLY,PRIMARY,1361,100,0,100,100,100,67.79411764705883,90.0,"[80.0, 90.0, 90.0, 100.0, 90.0]",45.588235294117645,"[50, 75, 25, nan, 0, 100, 100, 100, 0, 100, 75, 25, nan, 25, 100, 0, 100, 0, 50, 75, 0, 100, 0, 0, 0, 100, 0, 25, 75, 25, 75, 50, 0, 0, 100, 0]",100.0,"[100, 100, 100, nan]",100.0,100.0,100.0,,93.33333333333334,80.0,,100.0,100.0,,[],,,,,66.72784810126582,93.33333333333334,66.66666666666666,2.5,80.0,91.13924050632912,,,,[],16.666666666666664,40.0,0.0,,100.0,0.0,100.0,0.0,,,,,[nan],,,16.666666666666664,6.0,1.0
GHA_010646,Kamega CHPS,Upper East,Bawku West,PRIMARY,CHPS,,MINISTRY OF HEALTH (GOVERNMENT),,RURAL,OUTPATIENT ONLY,PRIMARY,2283,100,0,100,100,100,68.70238095238095,88.0,"[70.0, 90.0, 80.0, 100.0, 100.0]",49.404761904761905,"[75, 75, 50, 25, 0, 100, 0, 100, 0, 75, 75, 0, nan, 0, 100, 0, 100, 0, 50, 50, 0, nan, 0, 100, 100, 100, 0, 100, 50, 25, 100, 0, 100, 0, 100, 0, 50, 75, 0, nan, 0, 100, 100, 100, 0]",100.0,"[100, 100, 100, 100]",100.0,100.0,100.0,100.0,93.33333333333334,100.0,,80.0,100.0,25.0,[25.0],100.0,0.0,0.0,0.0,60.66666666666667,93.33333333333334,50.0,0.0,60.0,100.0,,,0.0,[0],16.666666666666664,80.0,100.0,,100.0,100.0,100.0,0.0,,,,,[nan],,,20.0,5.0,1.0
GHA_011028,Seyiri CHPS,Upper West,Wa Municipal,PRIMARY,CHPS,,MINISTRY OF HEALTH (GOVERNMENT),,RURAL,OUTPATIENT ONLY,PRIMARY,1402,100,100,100,100,100,69.44444444444444,80.0,[80.0],58.888888888888886,"[25, 75, 0, 75, 25, 100, 0, 100, 0, 100, 75, 50, 50, 0, 100, 0, 100, 0, 100, 75, 50, 75, 25, 100, 100, 100, 0, 75, 75, 50, 100, 0, 100, 100, 100, 0, 100, 100, 50, 50, 50, 100, 0, 100, 0]",0.0,"[0, 0, nan, 0]",0.0,0.0,,0.0,66.66666666666667,100.0,,100.0,0.0,0.0,"[0.0, 0.0]",0.0,0.0,0.0,0.0,53.333333333333336,66.66666666666667,50.0,0.0,100.0,50.0,,,0.0,"[0, 0]",100.0,50.0,0.0,100.0,100.0,0.0,100.0,0.0,,,,27.272727272727273,"[100, 0, 0, 0, 100, 100, 0, 0, 0, 0, 0]",,27.272727272727273,66.66666666666666,3.0,2.0
GHA_009301,Ankamu CHPS,Central,Gomoa West,PRIMARY,CHPS,,MINISTRY OF HEALTH (GOVERNMENT),,RURAL,OUTPATIENT ONLY,PRIMARY,5530,100,100,100,100,100,73.61111111111111,,[],73.61111111111111,"[100, 100, 100, 100, 25, 100, 0, 100, 0, 100, 100, 100, 100, 100, 0, 100, 100, 0]",75.0,"[0, 100, 100, 100]",0.0,100.0,100.0,100.0,,,,,,0.0,"[0.0, 0.0]",0.0,0.0,0.0,0.0,82.19860548807917,,66.66666666666666,77.5,,102.42914979757086,,,0.0,"[0, 0]",100.0,83.33333333333333,100.0,0.0,100.0,100.0,100.0,100.0,,,,18.181818181818183,"[100, 0, 0, 0, 100, 0, 0, 0, 0, 0, 0]",,18.181818181818183,66.66666666666666,3.0,2.0
GHA_000567,Mampong Government Hospital,Ashanti,Asante-Mampong,PRIMARY,DISTRICT HOSPITAL,,LOCAL GOVERNMENT,,URBAN,BOTH OUT AND INPATIENT,PRIMARY,120886,100,100,100,100,100,58.611111111111114,46.666666666666664,"[100.0, 80.0, 90.0, 90.0, 90.0, 0.0, 0.0, 0.0, 0.0, 0.0, 50.0, 50.0, 50.0, 50.0, 50.0]",70.55555555555556,"[100, 100, 100, 100, 100, 100, 100, 100, 0, 100, 100, 25, 100, 25, 100, 0, 100, 0, 100, 100, 25, 100, 100, 100, 0, 100, 0, 100, 100, 75, 100, 75, 0, 0, 100, 0, 100, 100, 75, 100, 75, 100, 0, 100, 0]",75.0,"[100, 100, 0, 100]",100.0,100.0,0.0,100.0,66.66666666666667,100.0,,80.0,20.0,43.75,"[50.0, 50.0, 50.0, 25.0]",0.0,0.0,75.0,100.0,78.47734291296402,66.66666666666667,97.5609756097561,0.0,100.0,106.63641520136132,100.0,,75.0,"[100, 100, 100, 0]",16.666666666666664,42.857142857142854,100.0,0.0,100.0,0.0,100.0,0.0,100.0,100.0,100.0,53.84615384615385,"[100, 100, 0, 0, 100, 100, nan, 100, 0, 0, 0, 100, 100, 0, 0, 100, 100, 0, 100, 100, 0, 0, 0, 100, 100, 100, 0]",53.84615384615385,,46.13583138173302,427.0,197.0
GHA_002576,Tromeso Health Center,Brong Ahafo,Wenchi,PRIMARY,HEALTH CENTRE,,MINISTRY OF HEALTH (GOVERNMENT),,RURAL,OUTPATIENT ONLY,PRIMARY,18068,100,0,100,100,100,77.66666666666666,87.0,"[90.0, 80.0, 90.0, 80.0, 80.0, 50.0, 100.0, 100.0, 100.0, 100.0]",68.33333333333333,"[100, 100, 25, 100, 0, 0, 0, 100, 0, 100, 100, 100, 0, 50, 100, 100, 100, 0, 100, 100, 100, 100, 100, 100, 100, 100, 0, 25, 100, 25, 100, 50, 0, 100, 0, 0, 100, 100, 100, 100, 100, 100, 100, 100, 0]",25.0,"[0, 0, 0, 100]",0.0,0.0,0.0,100.0,46.66666666666667,100.0,100.0,40.0,0.0,30.0,"[25.0, 25.0, 75.0, 0.0, 25.0]",80.0,20.0,20.0,0.0,78.53272827282728,46.66666666666667,50.0,77.5,100.0,97.02970297029702,,100.0,20.0,"[0, 0, 100, 0, 0]",100.0,66.66666666666667,0.0,,100.0,100.0,100.0,100.0,,,,18.51851851851852,"[100, 0, 0, 0, 100, 0, 0, 100, 0, 0, 0, 0, 0, 0, 0, 100, 0, 0, 0, 100, 0, 0, 0, 0, 0, 0, 0]",18.51851851851852,,0.0,31.0,0.0
GHA_007957,Anto CHPS,Western,Shama,PRIMARY,CHPS,,MINISTRY OF HEALTH (GOVERNMENT),,RURAL,OUTPATIENT ONLY,PRIMARY,4984,100,0,100,100,100,87.36111111111111,90.0,"[90.0, 90.0, 90.0, 90.0, 90.0]",84.72222222222223,"[100, 100, 75, 100, 75, 100, 100, 100, 0, 100, 100, 100, 75, 100, 100, 100, 100, 0]",100.0,"[100, 100, 100, 100]",100.0,100.0,100.0,100.0,66.66666666666667,100.0,,100.0,0.0,20.0,"[0.0, 0.0, 0.0, 50.0, 50.0]",40.0,0.0,40.0,0.0,61.0,66.66666666666667,100.0,8.333333333333334,60.0,70.0,,,40.0,"[0, 0, 0, 100, 100]",50.0,80.0,100.0,,100.0,100.0,100.0,0.0,,,,9.090909090909092,"[0, 0, 0, 0, 100, 0, 0, 0, 0, 0, 0]",,9.090909090909092,0.0,10.0,0.0
GHA_010726,Sumbrungu Kolgo CHPS,Upper East,Bolgatanga Municipal,PRIMARY,CHPS,,MINISTRY OF HEALTH (GOVERNMENT),,URBAN,OUTPATIENT ONLY,PRIMARY,15507,100,100,100,100,100,81.97853535353535,93.81818181818181,"[80.0, 81.81818181818181, 81.81818181818181, 81.81818181818181, 81.81818181818181, 100.0, 100.0, 100.0, 100.0, 100.0, 100.0, 100.0, 100.0, 100.0, 100.0]",70.13888888888889,"[0, 100, 100, 100, 100, 100, 0, 100, 0, 0, 100, 100, 100, 100, 100, 0, 100, 0, 100, 100, 50, 100, 100, 100, 0, 100, 0, 100, 100, 75, 100, 100, 0, 100, 100, 0]",100.0,"[100, 100, 100, 100]",100.0,100.0,100.0,100.0,73.33333333333334,100.0,100.0,100.0,0.0,41.666666666666664,"[50.0, 25.0, 50.0]",100.0,0.0,0.0,66.66666666666667,66.75584442621845,73.33333333333334,36.84210526315789,11.428571428571427,100.0,45.68690095846646,100.0,100.0,0.0,"[0, 0, 0]",100.0,100.0,100.0,100.0,100.0,100.0,100.0,100.0,50.0,0.0,100.0,27.272727272727273,"[100, 0, 0, 0, 100, 100, 0, 0, 0, 0, 0]",,27.272727272727273,21.052631578947366,19.0,4.0
GHA_010861,Dabia CHPS,Upper East,Pusiga,PRIMARY,CHPS,,MINISTRY OF HEALTH (GOVERNMENT),,RURAL,OUTPATIENT ONLY,PRIMARY,3008,100,0,100,100,100,86.0,86.0,"[60.0, 90.0, 100.0, 90.0, 90.0]",,[],100.0,"[100, 100, 100, nan]",100.0,100.0,100.0,,86.66666666666667,80.0,,80.0,100.0,,[],,,,,76.53787878787878,86.66666666666667,100.0,0.0,100.0,96.02272727272727,,,,[],16.666666666666664,80.0,100.0,,100.0,100.0,100.0,0.0,,,,,[nan],,,16.666666666666664,6.0,1.0
